NM_MUNICIP;;;
Bage;bage;br_bage;Polygon ((-53.6577409223057 -30.8386254586979,-53.6573324502323 -30.8726666534433,-53.6006124174291 -30.8576946545846,-53.6098853980926 -30.8976611603342,-53.5880215535518 -30.8966968415859,-53.6015499273872 -30.9189157780407,-53.5738447163606 -30.9080246750987,-53.5636115565281 -30.9316264109301,-53.5428431222123 -30.9273894178873,-53.5587786592077 -30.9413962436417,-53.5317586290574 -30.9430825687056,-53.5422282188572 -30.9536720273421,-53.5186282052275 -30.9341979009123,-53.4798512399427 -30.968529276305,-53.4635193519365 -30.9444851171943,-53.4537372236938 -30.967595341152,-53.4297699287392 -30.9671120859539,-53.4477776512176 -30.9720517768679,-53.4380759997076 -30.9920763738256,-53.4587308307632 -30.9943662195254,-53.4507139502886 -31.005477662664,-53.4634821928489 -31.0130715667993,-53.4465725048172 -31.0161687060209,-53.4908483055049 -31.0374959880494,-53.4743604579687 -31.0554677133642,-53.489555235086 -31.0772238604927,-53.4745554669612 -31.0887904154453,-53.4865716595544 -31.084070311096,-53.4821075310377 -31.1017780979808,-53.4967320399517 -31.1061436401168,-53.4804916085009 -31.1136418734736,-53.499018784789 -31.132191206359,-53.4888798730077 -31.1538164967339,-53.5216466735551 -31.1765571883635,-53.5040218931958 -31.1749824781588,-53.5275979425909 -31.2084151178633,-53.5293289100011 -31.2483284754787,-53.5551272075546 -31.2328280394824,-53.5687994873065 -31.272170077587,-53.6056013066549 -31.2848203587725,-53.6185314047005 -31.3304752176571,-53.6862453158686 -31.3370269460367,-53.7652506802746 -31.3121911532991,-53.7393888923834 -31.2343598556228,-53.8195812962398 -31.2436726555686,-53.8563397439839 -31.2212682195527,-53.9035459819614 -31.2279342418717,-53.9842150579785 -31.2619720677567,-54.0130220086587 -31.310830316266,-53.9543169589604 -31.3460687685588,-53.9990633955592 -31.3793492519663,-53.9218274949429 -31.4554702900218,-53.993141586515 -31.5248088606404,-54.0144096796629 -31.5376005844993,-54.0412386272608 -31.5230852047184,-54.0300916321231 -31.5023475802766,-54.1133105271591 -31.4298048753947,-54.1428987278939 -31.4827932145352,-54.1838574259794 -31.4853952095212,-54.2271912102062 -31.5173759990031,-54.2748200405124 -31.5102000664799,-54.3274008095996 -31.5833222899917,-54.3770969726471 -31.5944126800011,-54.4379196379809 -31.6541518682141,-54.456589355914 -31.6518597670146,-54.4670937233966 -31.6135018084616,-54.4531203443284 -31.6009098339217,-54.4936851474516 -31.5604840884699,-54.5156238425662 -31.5115558897924,-54.5745937902711 -31.4823438251074,-54.5863314043708 -31.4571824616013,-54.6701382437849 -31.45444638849,-54.7014015622323 -31.4359070776495,-54.6498824257333 -31.3956565606018,-54.6352312042566 -31.3590639595341,-54.5696175940766 -31.371108302706,-54.5544034005964 -31.3420086991421,-54.5042730214827 -31.3082192714022,-54.4230764768978 -31.3013981915732,-54.4054084301549 -31.2323055180851,-54.3634999868349 -31.1983471688867,-54.319647362136 -31.1874122608671,-54.3123581006458 -31.1609224332237,-54.1694080357522 -31.14299145709,-54.1675549098312 -31.1589897478785,-54.1461649441568 -31.161478993061,-54.1049317864727 -31.1406086457723,-54.0768118692723 -31.0908104987055,-54.0277992566304 -31.0664831520758,-54.0129343949064 -31.0763023314873,-54.0159825219758 -31.0623524148321,-53.953458010179 -31.0402624825275,-53.9583408477519 -31.0201415034276,-53.9282416432372 -31.0285282076106,-53.925053912608 -31.0144982530919,-53.9460589117893 -31.0002731097162,-53.9286555984771 -31.0014976481979,-53.9264266260879 -30.9874925482425,-53.9467071638045 -30.9887724696737,-53.913515485751 -30.9623044254089,-53.9348651707909 -30.964018056588,-53.9234358874562 -30.9398129152338,-53.8964902573195 -30.9460168281141,-53.869681436549 -30.925178752997,-53.887124930671 -30.9186937489173,-53.8796249526294 -30.9110653243052,-53.7960084457332 -30.9097482419878,-53.7751317420362 -30.8908967099152,-53.6577409223057 -30.8386254586979))
Balneario Camburiu;balneario camburiu;br_balneariocamburiu;Polygon ((-48.5867480012192 -27.0566908856758,-48.5869373273957 -27.0568978097861,-48.5868537524987 -27.0564739718962,-48.5867480012192 -27.0566908856758,-48.5847661949039 -27.0540393272531,-48.5848952674026 -27.0543055526591,-48.5851341426265 -27.0541663636867,-48.5847661949039 -27.0540393272531,-48.5230824071273 -27.0232930308487,-48.5241647439078 -27.024247734945,-48.5241348711273 -27.0233043587091,-48.5230824071273 -27.0232930308487,-48.5246469100268 -27.0214580289648,-48.5246729885675 -27.0229594983821,-48.5261421732227 -27.0224042389644,-48.5246469100268 -27.0214580289648,-48.5277307599666 -27.0233216670612,-48.5349560409884 -27.0307098656677,-48.5304457448752 -27.0181716175261,-48.5277307599666 -27.0233216670612,-48.5783066227524 -26.9925726043422,-48.5785444232865 -26.9931869267352,-48.579651474336 -26.9925529523568,-48.5783066227524 -26.9925726043422,-48.6225176902392 -26.9858658859019,-48.6233705074429 -26.9867821601685,-48.6242612733391 -26.9863876671571,-48.6225176902392 -26.9858658859019,-48.6342404448406 -26.9778968115886,-48.6193379896565 -27.0015235108013,-48.5871563168105 -26.9916000999646,-48.5687128251367 -27.0091839377885,-48.5889537755962 -27.0610367227665,-48.6817186701804 -26.9780529159093,-48.6385501192925 -26.9554381806275,-48.6238870006845 -26.9610237601384,-48.6342404448406 -26.9778968115886,-48.5882776814698 -27.0580372849927,-48.5882041618925 -27.0583226416765,-48.5880475476562 -27.0581615389239))
Belem;belem;br_belem;Polygon ((-48.3008251077924 -1.15389628878268,-48.3705687051815 -1.24122270416444,-48.4075963299067 -1.22788243162887,-48.4275809996633 -1.25719299995694,-48.4222074605058 -1.31302062290337,-48.4400663191053 -1.34407851910834,-48.4214039998947 -1.3693189995721,-48.4354134399782 -1.3845586897317,-48.4299228873313 -1.40433656128323,-48.3943612636613 -1.39112578212911,-48.3906109998977 -1.40869899985893,-48.3739087494891 -1.403031437251,-48.3714295758142 -1.42355824171943,-48.4000178149702 -1.46480764295831,-48.3454672581074 -1.45126201293152,-48.3318468197749 -1.46924015760715,-48.4574326163221 -1.52179568272453,-48.4965962514158 -1.50323512989729,-48.5095407332182 -1.5261250055645,-48.5231116512816 -1.38200114823434,-48.6244082333532 -1.19216676398491,-48.469483653148 -1.01942673365676,-48.3237638409284 -1.05965964107952,-48.29862911714 -1.11455602683913,-48.3008251077924 -1.15389628878268))
Blumenau;blumenau;br_blumenau;Polygon ((-49.1144073853925 -26.6133333133816,-49.1131020850931 -26.6548117332748,-49.0471021990072 -26.6503722290951,-49.0176199995633 -26.6832089995956,-49.049269000364 -26.7092929991725,-49.0305329996982 -26.7777099994169,-49.0548509996739 -26.7816039991252,-49.0375670003168 -26.8289089988511,-49.0444519904669 -26.8771009162742,-49.0096489485401 -26.906181429929,-49.0570569997807 -26.9545209989449,-49.0412660000258 -26.9851029991041,-49.0594700004401 -27.0014319993872,-49.0592701459005 -27.0985039082287,-49.0797470191096 -27.1201244375927,-49.1399219702227 -27.1325423402567,-49.1564470002288 -27.0974939992486,-49.1395099997866 -27.0922319994072,-49.1283369998526 -27.031624999594,-49.1599899999385 -26.9989149993277,-49.158779999897 -26.9343409991378,-49.1763133066138 -26.9151058027905,-49.1651923243662 -26.8953663790551,-49.1489553562047 -26.8989187173249,-49.1853346012109 -26.8796286029776,-49.1739891805562 -26.8688678252898,-49.2007089999204 -26.8379659992314,-49.1388039951082 -26.8342818275443,-49.1236219640824 -26.8208346984625,-49.1272792244566 -26.7527458572355,-49.1058366349527 -26.7415314669036,-49.1318829997006 -26.704697999513,-49.1323703845856 -26.6293683135967,-49.1144073853925 -26.6133333133816))
Boa Vista;boa vista;br_boavista;Polygon ((-60.48314980432 3.60584311936452,-60.4506201019361 3.58010274354683,-60.4282276952519 3.58676526660383,-60.3799496821321 3.56656456260453,-60.3588431791693 3.54184840847734,-60.3377275256048 3.54545331571802,-60.2857851771442 3.45406612585106,-60.3216140289642 3.41462640608381,-60.3213438834135 3.36907065428733,-60.3457849960807 3.31767516377783,-60.3960648407198 3.30045651365725,-60.4105073574286 3.27962759273925,-60.3738345566194 3.16490019708647,-60.4485655260781 3.04546139622653,-60.4885612346133 3.01684102879051,-60.5499500942215 2.90295668999931,-60.6493964084175 2.83490308061272,-60.6946717471034 2.72823378675992,-60.7752326634566 2.64351602674327,-60.8243961445664 2.54685223654155,-60.8280054602837 2.45545849061688,-60.8507858138142 2.42851235146389,-60.8682861172105 2.43462986467654,-60.8577300018381 2.44852022283004,-60.8844005104751 2.47156816783672,-60.9141181092633 2.469905761142,-60.8952312868943 2.51018272005655,-60.9443922418085 2.52129027632526,-60.9155121465683 2.56518708381691,-60.9171764805101 2.62768612771265,-61.0005114519419 2.68166814486904,-61.0005369063531 3.44793836306508,-60.9461214249637 3.48008004395894,-60.9093303192388 3.46351181681695,-60.8809848340828 3.48060006074428,-60.743147822414 3.49832327190154,-60.5950811348864 3.40096551624561,-60.6032619033141 3.45649998178879,-60.5521726346593 3.48017908449719,-60.5529819129849 3.51863864665626,-60.5281757286269 3.55429527830449,-60.5143431096467 3.54283665638661,-60.48314980432 3.60584311936452))
Braco do Norte;braco do norte;br_bracodonorte;Polygon ((-49.1754437125572 -28.1414879468112,-49.1496402483987 -28.171379694817,-49.1287868218543 -28.1621024073002,-49.0796882834874 -28.1748529278203,-49.0696727146241 -28.2320147930482,-49.091195000249 -28.2993429993799,-49.0825550002131 -28.3214659988567,-49.1056460002627 -28.3586289994287,-49.1251381032408 -28.3191133696862,-49.156300965617 -28.3179533890377,-49.158641685965 -28.2988907626985,-49.1851476249629 -28.3021269308132,-49.2335387089442 -28.2565922033675,-49.2759532448463 -28.2480125118679,-49.224134242901 -28.2367271920062,-49.1751331199974 -28.2571370090657,-49.1982164596218 -28.2273853061869,-49.2000513922579 -28.1541414439724,-49.1754437125572 -28.1414879468112))
Cianorte;cianorte;br_cianorte;Polygon ((-52.4525560102516 -23.5481043654241,-52.4774450032842 -23.6122925429664,-52.4961939955564 -23.6249063278647,-52.4948305459928 -23.6490122829904,-52.5124378714106 -23.65828318622,-52.5118872399042 -23.6931419015775,-52.5479717716799 -23.7353725755838,-52.5724725696533 -23.8064394543173,-52.5651663865195 -23.8570147118594,-52.6197101759838 -23.9534061243931,-52.7056171446155 -23.9277667442398,-52.741696512484 -23.8585134644248,-52.724125963942 -23.8239214969794,-52.7377521318554 -23.6447168493031,-52.6708899371209 -23.5374650933393,-52.6396112924272 -23.5766511341425,-52.5881652051601 -23.5949321506981,-52.5641164091449 -23.5873563741973,-52.5457676970216 -23.5855987751633,-52.4894448030352 -23.5200830355037,-52.4525560102516 -23.5481043654241))
Criciuma;criciuma;br_criciuma;Polygon ((-49.332563876022 -28.6791949408937,-49.335465299384 -28.7543538437548,-49.3570882802999 -28.755330896004,-49.3511778215992 -28.8548994496498,-49.427072336619 -28.8135490581425,-49.4165622341598 -28.7937210988496,-49.4331053549282 -28.7551514290951,-49.4066861051796 -28.7375040766518,-49.4229790003805 -28.7126799993824,-49.4760931321923 -28.7128473659131,-49.4671389998649 -28.6912779989804,-49.4515339996943 -28.6336829995707,-49.2921232036229 -28.6373108647046,-49.2435663485081 -28.6746214287359,-49.332563876022 -28.6791949408937))
Cuiaba;cuiaba;br_cuiaba;Polygon ((-55.9076080312856 -15.097812081962,-55.8979464922368 -15.1924039942489,-55.9310339766367 -15.2679502027396,-55.8720516812401 -15.2739786902643,-55.8679999377469 -15.288393404432,-55.8134487729425 -15.3064073142461,-55.7985306146961 -15.3398550661583,-55.8066038448915 -15.370653586194,-55.7464717932386 -15.4880446037754,-55.5905536807078 -15.4734037056165,-55.5480139501836 -15.5184396843439,-55.476812965446 -15.5443089015345,-55.4819453999602 -15.5651018828456,-55.464143624029 -15.5815365094023,-55.4972681847789 -15.6084975746033,-55.4825542310929 -15.6242080652499,-55.6051383712388 -15.7174610524855,-55.8914382739571 -15.6987049195963,-56.1452086811357 -15.7671640323941,-56.1099064228431 -15.7395590777892,-56.1131122793082 -15.6937302405581,-56.0699749366939 -15.6789426521816,-56.0697113247178 -15.6451988344586,-56.1032732257787 -15.6163008544009,-56.1294412067463 -15.6281916383334,-56.1414630120083 -15.5617827765539,-56.1652930416405 -15.5562279844339,-56.1925107265887 -15.5232576034556,-56.1829993734223 -15.5089721713286,-56.2456692633258 -15.4581524438801,-56.2315538929977 -15.4140522897813,-56.2412287357175 -15.3703472869976,-56.2803212883967 -15.3380314937584,-56.2780560364569 -15.2848742673335,-56.3017787140164 -15.2534341178902,-56.2652433817766 -15.2002390911611,-56.1931084133226 -15.171678302012,-56.1322799581535 -15.1349648995105,-56.1297556475051 -15.1001058109344,-56.1118678918896 -15.0832105300419,-56.0233653863035 -15.0994552557554,-55.9405806992398 -15.0891764652217,-55.9241154876396 -15.0714574467037,-55.9076080312856 -15.097812081962))
Feira de Santana;feira de santana;br_feiradesantana;Polygon ((-39.1749652293618 -11.9813765874595,-39.1764754320955 -11.9970873020373,-39.1375967966548 -11.9927611798845,-39.1132900400033 -12.0589324524707,-39.0594439499783 -12.058932456068,-39.0541614096213 -12.004663678386,-39.0309956372388 -12.0589267660574,-38.9912267799918 -12.0572398285552,-38.96415710007 -12.0191305820107,-38.8985329912045 -12.0504149544865,-38.8747380369308 -12.0960778847865,-38.8918660605702 -12.116582164835,-38.8832064921858 -12.1590224537232,-38.8550891065769 -12.1928113625543,-38.8571722583929 -12.2252840659069,-38.840607139308 -12.2475620086797,-38.8491093470187 -12.2897506861452,-38.8112192103982 -12.3364921086239,-38.848687919312 -12.34998887039,-38.8283499230105 -12.4013346005113,-38.9079726935849 -12.3861932754992,-38.9560567202414 -12.3009098284258,-38.9963569706976 -12.3111483913851,-39.0012316001582 -12.3411656406817,-39.0246971633434 -12.3542057168203,-39.0103286473491 -12.3923862346369,-39.0456912186747 -12.4179101778124,-39.0741573775609 -12.3949094741928,-39.0709761957947 -12.3578650537292,-39.1101143521956 -12.3455063165632,-39.14477311139 -12.2724872749677,-39.2395036649621 -12.2940687260908,-39.2343445295763 -12.2755235210936,-39.2936425148901 -12.1865010616746,-39.2835886510953 -12.1780813128023,-39.2464263232162 -12.2117757730335,-39.1921994062775 -12.2235697134715,-39.1485428148989 -12.2692690834014,-39.0759455841214 -12.2322405224821,-39.1865112213158 -12.1815434742519,-39.1765529275755 -12.1180216484802,-39.2122979562856 -12.1058809447497,-39.2874007504442 -12.0216556507876,-39.2966769326943 -11.990799308841,-39.1749652293618 -11.9813765874595))
Joinville;joinville;br_joinville;Polygon ((-49.041328000187 -26.1137839988324,-48.8231338072794 -26.1199928004273,-48.7941969998916 -26.1327789988517,-48.7601268712581 -26.1893725599956,-48.7398857984908 -26.2863571608543,-48.7581245316218 -26.297705276777,-48.7231162976789 -26.342208554681,-48.7359730263341 -26.3578000946986,-48.765301000141 -26.351860998886,-48.8027549997434 -26.3693389990955,-48.8238830001004 -26.3984979992832,-48.8019547074438 -26.41595146239,-48.8283932926163 -26.4513138313682,-48.8768416175466 -26.3804569002657,-48.9225557552439 -26.3793343511993,-48.9343585225278 -26.4195482424574,-49.0052713500927 -26.3846484973303,-49.0208884200645 -26.3503856412843,-48.9968292305845 -26.3113322432883,-49.066325749134 -26.314843692982,-49.0348576631506 -26.2613500445689,-49.0626890679461 -26.2963453597505,-49.0819948295976 -26.2950061451174,-49.0949693955212 -26.3281615454189,-49.1019688010193 -26.2932723646279,-49.1446821879326 -26.3160484032112,-49.1755790002706 -26.2640879990619,-49.1689749996964 -26.2184029993988,-49.2001939995534 -26.2207849995281,-49.1921439997457 -26.2010609991657,-49.1564726686787 -26.1998906385421,-49.1909149997274 -26.1453489993568,-49.1597810001929 -26.1329599991046,-49.1618359996316 -26.1130449989275,-49.1375219998404 -26.1171989989346,-49.1303629997526 -26.0998919994162,-49.073641000132 -26.0745419995136,-49.0523850001676 -26.0770749994116,-49.041328000187 -26.1137839988324))
Juiz de For a;juizdefora;br_juizdefora;Polygon ((-43.4506859995592 -21.520535996539,-43.4311509998187 -21.5399069959111,-43.4015899999785 -21.5363609960631,-43.3576930000319 -21.5877739963728,-43.3554570003403 -21.636407996232,-43.324581000113 -21.6627959963381,-43.3015569995558 -21.6537019960502,-43.2799129996852 -21.6862639957867,-43.2589109997428 -21.6811049961986,-43.2632290001182 -21.7463589962706,-43.2404989996291 -21.7518379962265,-43.2489499999425 -21.7691169962523,-43.1875870003398 -21.7428639960765,-43.1691980003874 -21.7616309963734,-43.1771239998727 -21.7935189965044,-43.146931999712 -21.8124699962933,-43.1887839997817 -21.8545699961084,-43.2089980002575 -21.8412289960213,-43.2369800001268 -21.8617539964497,-43.2513590004175 -21.8283159958864,-43.2735520004244 -21.8388409965147,-43.2811950003489 -21.8225179965083,-43.3410051046018 -21.8107264033008,-43.3907090000203 -21.8457199962808,-43.3745700004051 -21.8959599964566,-43.4049249999887 -21.8771299959525,-43.4180580003764 -21.8939319964644,-43.4167139995514 -21.8542599962018,-43.4432460000028 -21.8590769962063,-43.4569549999732 -21.8879929959799,-43.4978079998393 -21.8807059962846,-43.4912460003026 -21.9378109964803,-43.5851270003108 -21.9989249962915,-43.5954600001788 -21.9782759964401,-43.578525999875 -21.9536949960272,-43.6084239999676 -21.905394996282,-43.6532670003717 -21.9014769963662,-43.6371679999032 -21.8846779959927,-43.665456000394 -21.8532449961596,-43.6295300002093 -21.8153609965127,-43.6668580002964 -21.7543249958019,-43.6601139995614 -21.7230779964523,-43.6794869999251 -21.7142099957946,-43.6700400004456 -21.6700819959873,-43.6852450001566 -21.6612799956752,-43.6846499996977 -21.6285869961929,-43.6560180004303 -21.597086995968,-43.6210199998731 -21.6140999963177,-43.608528000267 -21.6402179965633,-43.5978479996854 -21.6148769961764,-43.5422269995763 -21.6208159957616,-43.5163714170072 -21.5883139412354,-43.5113179996259 -21.5603459959709,-43.4896949998243 -21.5490659964985,-43.4946299998746 -21.5311869957832,-43.475802000362 -21.542628996431,-43.4506859995592 -21.520535996539))
Lauro de Freitas;lauro de freitas;br_laurodefreitas;Polygon ((-38.2820620566186 -12.8792842751491,-38.3043133192043 -12.9108916894998,-38.340617064326 -12.9039975046811,-38.3548630063227 -12.8946656274167,-38.3547448920631 -12.8356020324078,-38.3788940416267 -12.8225714072446,-38.3322782328541 -12.8123256173333,-38.2820620566186 -12.8792842751491))
Maceio;maceio;br_maceio;Polygon ((-35.6948258077648 -9.66478531169275,-35.7240624886929 -9.68464603238846,-35.7287969758997 -9.67165745772547,-35.7516607937106 -9.67605128353983,-35.7945054159921 -9.71313955944305,-35.7692901812968 -9.63638172044,-35.8158556451219 -9.5770965010027,-35.784937548529 -9.5112236198741,-35.7696055402635 -9.38959344817903,-35.7457606079656 -9.38413694296548,-35.6876860594641 -9.37084708282657,-35.6650471414124 -9.4301734048787,-35.625796740627 -9.44796600232911,-35.6176283369781 -9.46967742617221,-35.5585991743124 -9.48800980570792,-35.6758760184634 -9.59897873488069,-35.6972072125428 -9.63519675572564,-35.6948258077648 -9.66478531169275))
Maringa;maringa;br_maringa;Polygon ((-51.9657180750291 -23.2538646010705,-51.8987134519642 -23.30391817988,-51.8689710669611 -23.2875758309598,-51.8699882424634 -23.3046129331403,-51.83580649987 -23.3210372687549,-51.8506704253997 -23.3367197149428,-51.8398810456737 -23.406529436784,-51.8779185371108 -23.4159342931331,-51.9056409215912 -23.4768539359603,-51.9504041071638 -23.4858789987168,-51.9698671287649 -23.5205121074478,-51.9806518688886 -23.5148742314606,-51.9959923928346 -23.5580017768605,-52.1002707410019 -23.5196632841332,-52.0704872488874 -23.484235798843,-52.0064708400572 -23.4549080102964,-52.0949863291557 -23.4003380424666,-52.0737283794611 -23.3754776110029,-52.0761842696883 -23.3467355572001,-52.0094407944571 -23.3122326154428,-51.9775209358424 -23.2966639442856,-51.9657180750291 -23.2538646010705))
Mogi das Cruzes;mogi das cruzes;br_mogidascruzes;Polygon ((-46.1142659999759 -23.4384070002828,-46.1056049998708 -23.4553789996411,-46.0739580000616 -23.4523999998601,-46.0537750001161 -23.473508000194,-46.071409000325 -23.5118379997239,-46.1079629997926 -23.5112460003026,-46.0996210000091 -23.5241160002532,-46.1121260002147 -23.5407890002122,-46.0880099996617 -23.5754309996409,-46.0884259999599 -23.6386369996977,-46.1031380003184 -23.665714000101,-46.0826889997975 -23.6647489996665,-46.0827429995897 -23.6830479999652,-46.1009049998658 -23.7184500002672,-46.1261199998381 -23.7128950004039,-46.194087000015 -23.7542279999222,-46.2387609998202 -23.7353590003175,-46.2579830004151 -23.7661860000838,-46.2783909999446 -23.7703070003677,-46.2944719995831 -23.7487890000123,-46.3219270003307 -23.744429000398,-46.2660779996 -23.6848310003504,-46.2545460001977 -23.6516299999245,-46.2850969998266 -23.5659500003921,-46.2633770000485 -23.5345300002593,-46.2651360002262 -23.4889120000887,-46.2888219998354 -23.4891049999957,-46.2869259996351 -23.4598340000391,-46.2411130003646 -23.3925489998364,-46.1773479997104 -23.3579660004305,-46.1573701980761 -23.3428423758749,-46.1605009998212 -23.3882749996914,-46.1420889997075 -23.4153269998411,-46.1518579996469 -23.4298749998313,-46.1142659999759 -23.4384070002828))
Nova Lima;nova lima;br_novalima;Polygon ((-43.834172999884 -19.9274269964587,-43.8398489999313 -19.954921996353,-43.8124210004288 -20.0111509966212,-43.7829819999193 -20.0290139965986,-43.8483960001752 -20.0975189964045,-43.8543369998526 -20.1438489961342,-43.8734699999405 -20.1606539958852,-43.8541080000841 -20.1976199963657,-43.9760839997767 -20.2226899959465,-43.9720299998846 -20.138781996292,-43.996132999838 -20.0364499959705,-43.9397109870724 -19.975368785441,-43.8701060003916 -19.9278729963416,-43.8503569997757 -19.9288879963839,-43.834172999884 -19.9274269964587))
Palmas;palmas;br_palmas;Polygon ((-48.3710287111061 -9.91807175141014,-48.3091924216928 -9.94179513763544,-48.2873982305439 -9.9284172104858,-48.2860699705527 -9.9662627758064,-48.2635192157392 -9.98295952056537,-48.2222607592266 -9.95931454443064,-48.201101237632 -10.0163738284893,-48.162350580215 -10.0609284325011,-48.1834611409189 -10.1127051528205,-48.1717573835963 -10.1350518928305,-48.1499633111578 -10.1346026949583,-48.1282078160378 -10.108524150669,-48.0270990034163 -10.1174107403133,-48.0132360377129 -10.1238971185571,-48.0144658561143 -10.1739866639533,-47.9800191606557 -10.1716226097956,-47.979023031088 -10.1828010344402,-47.9541584807292 -10.156164471613,-47.8963804710818 -10.1369500792827,-47.9025936982405 -10.1080000473643,-47.8835465663209 -10.111918555397,-47.8771279600873 -10.0924374790064,-47.8461845134045 -10.0787637531446,-47.8341790713071 -10.0272694217464,-47.8196684750201 -10.0196002209734,-47.8036053044412 -10.0480126309781,-47.8104347074957 -10.0991034446682,-47.7932941679914 -10.1726052540292,-47.8303455977711 -10.2628263334685,-47.8585973735699 -10.2894388601152,-47.855070513993 -10.3118273547486,-47.9396406547924 -10.2991484121694,-47.9953974093629 -10.3431668547665,-48.0217240784034 -10.3898854632435,-48.0473822966556 -10.3893903109141,-48.0836806134695 -10.4601889056934,-48.1405232004853 -10.4581421548365,-48.1902980335274 -10.3788128870051,-48.2663806354579 -10.4119483322497,-48.3670373858666 -10.4103460191534,-48.4075180349294 -10.3691840518025,-48.4033545461753 -10.2959148062233,-48.3826373903033 -10.2428902073171,-48.4138528944954 -10.2229842525212,-48.4227409131625 -10.1979844207444,-48.3835102668853 -10.0786432062189,-48.3358925935683 -10.0338303061237,-48.3436315493565 -9.98896468777008,-48.3743115657261 -9.94459627489812,-48.3710287111061 -9.91807175141014))
Porto Seguro;porto seguro;br_portoseguro;Polygon ((-39.0342822357366 -16.3876071915186,-39.0611473783488 -16.4335988069394,-39.1036793926898 -16.6983661546743,-39.1416375081644 -16.7599363751635,-39.1418636310017 -16.8678158336338,-39.117633598212 -16.8934152677004,-39.1401484988541 -16.8947097176793,-39.166237762163 -16.928762544256,-39.2396271850465 -16.9182788117178,-39.2920738220492 -16.8880411457822,-39.4025231993861 -16.9155372572386,-39.4398503226342 -16.9057429917456,-39.444117192954 -16.8906112957746,-39.4691889740918 -16.9243696681256,-39.49011056565 -16.9276242489599,-39.5052537288764 -16.9022895033578,-39.4921777374126 -16.8880116651062,-39.5079578769544 -16.8751940614567,-39.4791649251212 -16.8292491505278,-39.4861931188173 -16.7972103727604,-39.4690998386866 -16.7629451317124,-39.4261331442292 -16.744665445254,-39.3373962033721 -16.784537086917,-39.5759444616675 -16.4712750164288,-39.4892903389779 -16.3842582034533,-39.4152014063198 -16.3972895795504,-39.2546879919572 -16.3677653574852,-39.1786927348818 -16.3942551410619,-39.1144263352072 -16.3621111174341,-39.0247515282604 -16.3513875752763,-39.0054258151492 -16.3410834967059,-39.0079075923614 -16.3742856257809,-39.0342822357366 -16.3876071915186))
Sao Jose;sao jose;br_saojose;Polygon ((-48.5770801624195 -27.5118818714512,-48.5686107556818 -27.5466822702705,-48.6062837491957 -27.5891172909302,-48.6026720970396 -27.6626044926032,-48.6382280136119 -27.6505417600941,-48.6675015217778 -27.6066908360132,-48.6714206836176 -27.6196705766358,-48.7460722825098 -27.6154603519137,-48.7172196291825 -27.5280011120616,-48.6800604696149 -27.5222916977036,-48.6539342234856 -27.5445789781373,-48.6309732258336 -27.5298655163804,-48.5770801624195 -27.5118818714512))
Teresina;teresina;br_teresina;Polygon ((-42.7313893404457 -4.82382306098543,-42.7128648918012 -4.90564201556651,-42.6017953482767 -4.9042777314321,-42.6015257773927 -5.25187983058964,-42.6337243197215 -5.24682645727512,-42.6601457521247 -5.27634705417319,-42.6790979111396 -5.27270527113131,-42.7488595723113 -5.33909413198853,-42.7485360951646 -5.5405271113371,-42.8114689324452 -5.50146900808818,-42.8611998030285 -5.55820392467132,-42.8559517192963 -5.57050790931254,-42.9146476246881 -5.55604486737667,-42.9417924330743 -5.58660252378741,-42.9706665658093 -5.56170306714279,-42.943353574308 -5.5355188660028,-42.9100611146287 -5.54253592699138,-42.8926947562579 -5.52624027626769,-42.8478245927307 -5.52527453479189,-42.8515261420178 -5.4900848266534,-42.8109298932 -5.49656327827262,-42.7748223369812 -5.44828873203932,-42.7527496114054 -5.35491148277868,-42.8150379315553 -5.31418484935125,-42.8286673765981 -5.23993007181531,-42.7979461487957 -5.18321667241145,-42.8416601834707 -5.03328187355959,-42.8620320104689 -4.97006952069177,-42.8546249647703 -4.93611390453304,-42.8962816887489 -4.88790515989518,-42.8158618328573 -4.78627783055737,-42.7886123748611 -4.81761184021423,-42.7313893404457 -4.82382306098543))
Tubarao;tubarao;br_tubarao;Polygon ((-48.985912823418 -28.4598466336152,-48.9019948574767 -28.5321389474544,-48.9451586500516 -28.5942566527223,-48.9708504471903 -28.573519702772,-48.9679142416489 -28.5549062581173,-48.9970403500321 -28.5572657086455,-49.0183016227217 -28.533461472469,-49.056200675221 -28.5566734897897,-49.1332482847804 -28.4990530377675,-49.1813329148821 -28.5076832333945,-49.1226823389188 -28.4745228526475,-49.1119565358654 -28.4437180337602,-49.1384209999292 -28.4092489991419,-49.1015720003475 -28.362409999322,-49.0708700000504 -28.3964019993527,-49.0240740004148 -28.3978889995776,-49.0107041338886 -28.4171500631249,-48.9755369996328 -28.4240329992235,-48.9676320002166 -28.44469099949,-48.985912823418 -28.4598466336152))
Uberlandia;uberlandia;br_uberlandia;Polygon ((-48.4934910003093 -18.593495996443,-48.4581459999379 -18.6420419967407,-48.4374840003863 -18.6400229962642,-48.441231999657 -18.6582349961481,-48.4099040001694 -18.6667339968764,-48.3968820004039 -18.6336499964501,-48.3307650001046 -18.6328479963379,-48.3229589998579 -18.6586409968845,-48.3360720002226 -18.6605159961163,-48.3151549997035 -18.6756309961735,-48.3238030001083 -18.6908329966454,-48.3099079996544 -18.725300996144,-48.2568930001118 -18.7280449967791,-48.2772619996416 -18.7505189962546,-48.2590060004266 -18.7751389966673,-48.1900939998381 -18.7595739965427,-48.1995070004477 -18.7899869961029,-48.1682950000142 -18.7757579964343,-48.15186499957 -18.8143669962398,-48.1367379998588 -18.7861379966712,-48.1331909999647 -18.812157996894,-48.1129910001345 -18.8012039962674,-48.0948469997892 -18.8254349967277,-48.1110440002803 -18.849728996496,-48.0828559999044 -18.8445589964005,-48.0793340002639 -18.8881999962328,-48.0427199998281 -18.8861009965637,-48.0457199996782 -18.9119739963028,-48.0149469997043 -18.9073639968509,-48.0129870001499 -19.0004209966316,-47.9931889999723 -18.9934459969352,-47.9600980001226 -19.0203859964166,-47.9810779999497 -19.0476049961736,-47.9461899999685 -19.0457059967343,-47.9562479997454 -19.0695019969196,-47.9319119998389 -19.0681289965559,-47.9108770001734 -19.1056589960658,-47.9205979996979 -19.1347299966919,-47.9033080000641 -19.2679079967566,-47.929604999571 -19.2661119966713,-47.9575670003168 -19.3361809966556,-47.9843630003521 -19.3206109963004,-47.9998260002696 -19.2554019965049,-48.0807829996357 -19.2443879967086,-48.1075639998787 -19.1788249967761,-48.1870990002187 -19.1484579966392,-48.1889619997964 -19.1716519960427,-48.2293370001024 -19.1907649961076,-48.2263600004136 -19.2180939964408,-48.2664530003057 -19.2359399965335,-48.308707000028 -19.2841059963946,-48.3429819996196 -19.2823529964936,-48.3186560001742 -19.3187979963304,-48.3328669999121 -19.3471539963598,-48.3468000003197 -19.3464519963625,-48.3400860000688 -19.399776996711,-48.3668579998967 -19.4164989962317,-48.3993000003946 -19.4103329960708,-48.4588029996586 -19.3732629961902,-48.4765450003515 -19.3457699963882,-48.463232999803 -19.3289859967064,-48.5700239998077 -19.2304829966929,-48.672292999922 -19.1894319966892,-48.6943289998834 -19.1955009968735,-48.8167529995512 -19.1124649960627,-48.8235540002169 -19.1033509966511,-48.7967259996051 -19.0849099960994,-48.7059259995852 -19.0739099969488,-48.6442669998222 -18.9923839965242,-48.6334969995868 -18.9541499969248,-48.5717809998932 -18.9943669962398,-48.5399869996003 -18.9694459963356,-48.5199170003692 -18.9065499961853,-48.5586939998282 -18.889729996642,-48.6015729995942 -18.8408709962994,-48.5624620000212 -18.8240659965485,-48.5527540001969 -18.7879669964797,-48.4982430000144 -18.7571549965058,-48.5110786584533 -18.6776824360955,-48.536427 -18.6189479965528,-48.5174400003557 -18.594689996646,-48.4934910003093 -18.593495996443))
Volta Redonda;volta redonda;br_voltaredonda;Polygon ((-44.0287705821966 -22.5183439069457,-44.0865647616544 -22.6405200246793,-44.090010427739 -22.5305190079458,-44.1391192057867 -22.5306240226805,-44.1559460131979 -22.4959105442362,-44.1380511988037 -22.4316641256988,-44.0897159384398 -22.4064082047748,-44.002584569822 -22.4080291958906,-44.0713342382844 -22.4590542898236,-44.0315749156498 -22.4972291059385,-44.0287705821966 -22.5183439069457))
