ibgeID;preconditions
110001;25
110037;8
110040;4
110034;15
110002;96
110045;31
110003;6
110060;2
110004;121
110070;7
110080;16
110090;1
110005;18
110092;4
110006;17
110007;6
110008;13
110094;7
110009;17
110100;15
110010;46
110110;7
110011;63
110012;154
110013;20
110120;12
110130;10
110140;8
110014;19
110033;16
110143;10
110050;9
110015;49
110018;43
110020;250
110025;20
110147;2
110026;2
110028;36
110029;12
110148;7
110149;12
110032;16
110150;16
110155;6
110160;8
110170;20
110175;8
110180;6
110030;109
110000;1
120001;16
120005;11
120010;28
120013;5
120017;8
120020;78
120025;11
120030;14
120032;4
120033;8
120034;5
120035;3
120038;20
120080;10
120039;5
120040;323
120042;7
120043;2
120050;35
120045;20
120060;24
120070;20
130002;9
130006;3
130008;4
130010;7
130014;14
130020;4
130030;26
130040;12
130050;10
130060;20
130063;6
130068;18
130070;16
130080;19
130083;6
130090;11
130100;14
130110;18
130115;11
130120;63
130130;18
130140;28
130150;10
130160;12
130165;11
130170;20
130180;4
130185;50
130190;75
130195;1
130200;6
130210;2
130220;8
130230;7
130240;26
130250;81
130255;13
130260;1479
130270;29
130280;5
130290;40
130300;7
130310;20
130320;7
130330;9
130340;98
130350;9
130353;18
130356;17
130360;9
130370;8
130380;15
130390;5
130395;5
130400;6
130406;26
130410;19
130420;47
130423;3
130426;4
130430;11
130440;20
140005;10
140002;3
140010;313
140015;8
140017;12
140020;14
140023;11
140028;8
140030;12
140040;9
140045;10
140047;24
140050;4
140060;4
140070;4
150010;60
150013;12
150020;33
150030;14
150034;8
150040;67
150050;19
150060;115
150070;15
150080;409
150085;21
150090;59
150095;17
150100;4
150110;13
150120;23
150125;1
150130;51
150140;1483
150145;18
150150;41
150157;19
150160;17
150170;110
150172;16
150175;4
150178;45
150180;39
150190;27
150200;22
150195;10
150210;98
150215;24
150220;71
150230;71
150240;150
150250;4
150260;11
150270;29
150275;29
150276;4
150277;29
150280;8
150285;9
150290;67
150293;39
150295;36
150300;6
150304;17
150307;26
150309;26
150310;20
150320;40
150330;43
150340;11
150345;14
150350;33
150360;126
150370;33
150375;3
150380;61
150390;36
150400;8
150405;32
150410;11
150420;230
150430;40
150440;26
150442;109
150445;27
150450;2
150460;16
150470;25
150475;3
150480;78
150490;20
150495;13
150497;6
150500;10
150503;16
150506;61
150510;43
150520;20
150530;23
150540;14
150543;12
150548;30
150549;2
150550;71
150553;101
150555;9
150560;7
150563;9
150565;11
150570;12
150580;18
150590;16
150600;5
150610;17
150611;13
150613;102
150616;15
150618;50
150619;14
150620;47
150630;31
150635;19
150640;16
150650;81
150655;17
150658;10
150660;17
150670;40
150680;231
150690;2
150700;20
150710;4
150715;36
150720;20
150730;37
150740;20
150745;29
150746;9
150747;26
150750;13
150760;54
150770;16
150775;3
150780;11
150790;29
150795;31
150796;13
150797;11
150800;39
150803;50
150805;10
150808;15
150810;71
150812;17
150815;26
150820;40
150830;37
150835;15
150840;39
150000;2
160010;8
160020;8
160021;4
160023;2
160025;1
160027;17
160030;340
160040;10
160050;7
160015;7
160053;10
160060;70
160070;5
160080;7
170025;4
170030;5
170035;6
170040;4
170070;10
170100;16
170105;9
170110;7
170130;16
170190;4
170200;6
170210;183
170215;14
170220;42
170230;18
170240;11
170255;46
170270;3
170290;29
170300;8
170305;2
170307;8
170310;13
170320;9
170330;7
170360;1
170370;9
170380;15
170382;1
170384;7
170386;11
170388;4
170389;9
170390;4
170410;3
170510;4
170460;2
170550;50
171670;14
170555;9
170560;3
170600;9
170610;15
170625;1
170650;4
170700;18
170710;9
170720;5
170730;6
170740;16
170755;9
170765;9
170770;7
170820;19
170825;3
170830;9
170900;12
170930;33
170950;101
170980;5
171050;5
171070;6
171090;5
171110;3
171150;4
171180;2
171190;11
171195;9
171200;1
171215;5
171240;6
171245;6
171250;5
171270;4
171280;5
171320;23
171330;22
171360;13
171370;4
171395;4
171420;14
171430;7
171488;20
171500;7
171510;3
171515;4
171525;5
171550;2
172100;155
171570;5
171380;9
171575;4
171610;57
171620;10
171630;6
171650;17
171660;16
171665;2
171700;3
171720;5
171750;5
171780;11
171790;9
171800;5
171820;58
171830;12
171840;5
171845;1
171850;5
171855;9
171865;2
171870;2
171875;5
171880;6
171884;3
171886;6
171888;6
171889;2
171890;3
172000;4
172010;7
172015;1
172020;12
172025;3
172030;6
172049;3
172065;9
172080;8
172085;5
172090;17
172093;5
172097;1
172110;9
172120;32
172125;4
172130;2
172208;11
172210;25
210005;125
210010;5
210015;10
210020;24
210030;8
210040;5
210043;22
210047;43
210050;13
210055;12
210060;46
210070;28
210080;18
210083;16
210087;4
210090;59
210095;34
210100;37
210110;13
210120;136
210125;15
210130;20
210135;5
210140;117
210150;16
210160;125
210170;51
210177;12
210173;1
210180;7
210190;26
210193;10
210197;6
210200;56
210203;31
210207;10
210210;46
210215;10
210220;29
210230;28
210232;38
210235;20
210237;10
210240;10
210250;7
210255;26
210260;10
210270;25
210275;17
210280;33
210290;32
210300;176
210310;11
210312;10
210315;3
210317;4
210320;102
210325;18
210330;143
210340;57
210350;36
210355;13
210360;72
210370;48
210375;18
210380;31
210390;7
210400;36
210405;46
210407;4
210408;10
210409;13
210410;17
210420;25
210430;6
210440;28
210450;27
210455;19
210460;32
210462;17
210465;11
210467;24
210470;7
210480;62
210490;25
210500;23
210510;14
210515;14
210520;8
210530;371
210535;10
210540;85
210542;25
210545;8
210547;5
210550;28
210560;29
210565;2
210570;85
210580;18
210594;14
210590;17
210592;18
210596;16
210598;5
210600;29
210610;17
210620;11
210630;18
210632;15
210635;4
210637;13
210640;14
210650;31
210660;19
210663;13
210667;8
210670;22
210675;21
210680;18
210690;27
210700;14
210710;10
210720;4
210725;1
210730;7
210735;15
210740;20
210745;21
210750;87
210760;9
210770;28
210780;36
210790;19
210800;20
210805;12
210810;25
210820;106
210825;14
210830;52
210840;12
210845;29
210850;62
210860;86
210870;30
210880;27
210890;26
210900;34
210905;2
210910;68
210920;12
210923;4
210927;7
210930;7
210940;3
210945;21
210950;44
210955;8
210960;48
210970;7
210975;9
210980;39
210990;115
211000;88
211003;30
211010;25
211020;61
211023;11
211027;12
211030;16
211040;13
211050;44
211060;38
211065;8
211070;43
211080;5
211085;13
211090;18
211100;24
211102;11
211105;17
211107;14
211110;49
211120;179
211125;10
211130;943
211140;36
211150;46
211153;11
211157;7
211160;14
211163;8
211167;4
211170;15
211172;6
211174;10
211176;17
211178;4
211180;10
211190;16
211195;9
211200;10
211210;34
211220;240
211223;35
211227;7
211230;51
211240;20
211245;24
211250;48
211260;24
211270;45
211280;76
211285;13
211290;56
211300;58
211400;99
210000;2
220005;12
220010;18
220020;48
220025;11
220027;8
220030;21
220040;51
220045;6
220050;38
220060;15
220070;12
220080;1
220090;9
220095;4
220100;6
220105;7
220110;11
220115;20
220117;7
220120;53
220130;4
220140;15
220150;52
220155;8
220157;7
220160;12
220170;13
220173;3
220177;5
220180;11
220190;23
220191;4
220192;7
220194;7
220196;9
220198;7
220200;30
220202;8
220205;15
220207;5
220208;4
220209;8
220210;10
220211;7
220213;4
220217;3
220220;100
220225;7
220230;31
220240;21
220245;10
220250;17
220253;3
220255;7
220260;43
220265;5
220270;23
220271;7
220272;3
220273;5
220275;14
220277;10
220280;12
220285;3
220290;30
220300;1
220310;10
220320;7
220323;3
220327;3
220325;2
220330;35
220335;7
220340;5
220345;8
220342;14
220350;39
220360;5
220370;59
220375;4
220380;6
220385;3
220390;80
220400;8
220410;1
220415;7
220420;18
220430;21
220435;8
220440;13
220450;16
220455;5
220460;10
220465;9
220470;22
220480;13
220490;12
220500;19
220510;19
220515;6
220520;22
220525;6
220527;8
220530;9
220535;4
220540;18
220545;10
220550;61
220551;9
220552;4
220553;7
220555;7
220557;5
220556;4
220558;5
220559;5
220554;8
220560;6
220570;41
220580;31
220585;10
220590;8
220595;12
220600;1
220605;11
220610;21
220620;41
220630;2
220635;13
220640;21
220650;16
220660;11
220665;7
220667;11
220669;10
220670;14
220672;12
220675;11
220680;6
220795;6
220690;7
220695;2
220700;60
220710;4
220720;24
220730;6
220735;1
220740;10
220750;25
220755;5
220760;14
220770;166
220775;9
220777;7
220779;5
220780;30
220785;7
220790;55
220793;4
220800;118
220810;11
220820;17
220830;50
220840;89
220850;21
220855;1
220860;6
220865;10
220870;8
220880;46
220885;1
220887;4
220890;10
220900;10
220910;9
220915;4
220920;7
220930;5
220937;9
220935;7
220940;12
220950;3
220955;6
220960;6
220965;11
220970;11
220975;4
220980;8
220985;8
220987;5
220990;13
220995;7
220997;10
221000;45
221005;6
221010;3
221020;13
221030;15
221035;9
221037;9
221038;1
221039;6
221040;34
221050;23
221060;46
221062;4
221063;3
221065;14
221070;21
221080;19
221090;4
221093;15
221095;4
221097;6
221100;972
221110;46
221120;30
221130;35
221135;5
221140;14
221150;3
221160;4
221170;3
220000;1
230010;11
230015;17
230020;58
230030;85
230040;13
230050;19
230060;9
230070;23
230075;41
230080;8
230090;26
230100;52
230110;65
230120;38
230125;17
230130;28
230140;9
230150;8
230160;21
230170;36
230180;8
230185;18
230190;80
230195;25
230200;30
230205;29
230210;71
230220;54
230230;54
230240;89
230250;63
230260;108
230270;49
230280;91
230290;20
230300;17
230310;34
230320;28
230330;20
230340;29
230350;76
230360;20
230365;15
230370;243
230380;58
230390;24
230393;10
230395;21
230400;19
230410;90
230420;136
230423;35
230425;28
230426;22
230427;8
230428;29
230430;22
230435;17
230440;1913
230445;17
230450;14
230460;12
230465;18
230470;58
230480;3
230490;11
230495;25
230500;64
230510;9
230520;36
230523;41
230526;13
230530;39
230533;16
230535;21
230540;113
230550;160
230560;39
230565;16
230570;16
230580;81
230590;67
230600;23
230610;23
230620;12
230625;27
230630;77
230640;153
230650;20
230655;32
230660;21
230670;39
230680;10
230690;58
230700;26
230710;31
230720;10
230725;18
230730;274
230740;27
230750;51
230760;71
230763;21
230765;163
230770;108
230780;23
230790;5
230800;39
230810;41
230820;21
230830;43
230835;23
230837;13
230840;45
230850;68
230860;32
230870;97
230880;9
230890;4
230900;20
230910;12
230920;11
230930;50
230940;51
230945;36
230950;51
230960;50
230970;52
230980;12
230990;9
231000;15
231010;9
231020;27
231025;29
231030;56
231040;16
231050;52
231060;15
231070;38
231080;26
231085;26
231090;26
231095;11
231100;27
231110;22
231120;14
231123;10
231126;41
231130;73
231135;25
231140;88
231150;20
231160;32
231170;25
231180;81
231190;16
231195;28
231220;65
231200;17
231210;20
231230;56
231240;40
231250;24
231260;18
231270;54
231280;6
231290;179
231300;35
231310;50
231320;45
231325;4
231330;79
231335;19
231340;98
231350;38
231355;14
231360;41
231370;16
231375;17
231380;29
231390;19
231395;16
231400;52
231410;51
240010;16
240020;63
240030;11
240040;6
240050;17
240060;8
240070;17
240080;13
240090;6
240100;61
240110;43
240120;21
240130;5
240140;20
240145;25
240150;10
240160;6
240165;3
240170;16
240180;23
240185;9
240190;4
240200;93
240210;20
240220;50
240230;39
240240;11
240250;14
240260;112
240270;16
240280;7
240290;7
240300;16
240310;50
240320;10
240330;7
240340;8
240350;15
240360;47
240370;12
240375;8
240380;15
240390;6
240400;13
240410;3
240420;29
240430;23
240440;16
240450;14
240460;8
240470;15
240480;2
240485;9
240490;8
240500;20
240510;14
240520;6
240530;18
240540;8
240550;6
240560;19
240570;18
240580;47
240590;6
240600;14
240610;38
240615;4
240620;5
240630;10
240640;3
240650;25
240660;13
240670;13
240680;10
240690;14
240700;21
240710;133
240720;63
240725;8
240730;13
240740;11
240750;15
240760;10
240770;21
240780;19
240790;2
240800;337
240810;1056
240820;33
240830;51
240840;12
240850;11
240860;8
240870;3
240880;4
240890;29
240325;222
240910;19
240920;3
240930;21
240940;49
240950;7
240960;5
240970;3
240980;32
240990;23
241000;6
241010;29
241020;18
241025;5
241040;13
241050;6
241060;5
241070;6
241080;4
241090;10
240895;12
241100;4
241110;4
241120;41
240933;4
241140;16
241142;1
241150;41
241160;7
241170;5
241180;8
241190;11
241200;122
241210;10
241220;63
241230;36
241240;6
241250;49
241255;5
241260;30
241270;10
241280;8
241290;18
241300;7
241310;6
241320;6
241030;10
241330;7
241335;12
241340;13
241350;16
241355;8
241360;13
241370;5
241380;3
241390;21
241400;29
241410;17
241415;6
241105;7
241420;12
241430;4
241440;41
241445;4
241450;28
241460;7
241470;11
241475;5
241480;21
241490;2
241500;2
240000;1
250010;13
250020;3
250030;59
250040;26
250050;27
250053;6
250057;2
250060;16
250073;1
250077;9
250080;16
250090;24
250100;13
250110;22
250115;1
250120;16
250130;50
250135;6
250140;14
250150;22
250153;8
250160;10
250157;9
250170;8
250180;131
250190;32
250200;10
250205;3
250210;6
250215;10
250220;5
250230;10
250240;6
250250;21
250270;5
250280;14
250290;6
250300;30
250310;7
250320;86
250330;10
250340;2
250350;25
250355;4
250360;9
250370;100
250375;3
250380;6
250390;5
250400;801
250403;7
250407;4
250410;4
250415;11
250420;5
250430;58
250435;9
250440;10
250450;10
250460;39
250470;14
250480;35
250485;4
250490;19
250500;13
250510;36
250523;6
250520;11
250527;6
250530;2
250535;1
250540;16
250560;11
250570;12
250580;9
250590;3
250600;71
250610;17
250620;5
250625;14
250630;105
250640;23
250650;5
250660;15
250260;8
250670;14
250680;32
250690;28
250700;20
250710;22
250720;20
250730;34
250740;16
250750;893
251365;1
250760;14
250770;26
250780;3
250790;33
250800;30
250810;4
250820;13
250830;42
250840;1
250850;13
250855;9
250860;13
250870;1
250880;9
250890;63
250900;14
250905;6
250910;39
250915;7
250920;21
250930;9
250933;4
250937;1
250939;10
250940;18
250950;11
250960;10
250970;78
250980;30
250990;6
251000;7
251010;18
251020;8
251030;5
251040;3
251050;4
251060;3
251065;2
251070;2
251080;119
251090;15
251100;6
251110;8
251120;31
251272;10
251130;27
251140;21
251150;30
251160;7
251170;17
251180;11
251190;10
251200;12
251203;2
251207;3
251210;47
251220;6
251230;44
251240;14
251250;64
251260;2
251270;29
251274;4
251275;5
251276;6
251278;1
251280;12
251290;50
251300;2
251310;34
251315;20
251320;7
251330;11
251335;2
251340;17
251370;205
251380;6
251350;7
251360;15
251385;9
251392;5
251390;53
251396;7
251394;1
251398;4
251400;8
250070;27
251410;8
251420;7
251430;8
251440;10
251450;24
251455;1
251460;8
251465;2
251470;11
251480;7
251445;7
251490;11
251500;5
251510;18
251520;4
251540;13
251530;79
251550;14
251560;1
251570;5
251580;13
251590;15
251593;18
251597;8
251600;68
251610;10
251615;7
251620;76
251630;34
251640;19
251650;21
251660;28
251670;24
251675;2
251680;7
251690;22
251700;12
251710;2
251720;11
250550;3
251740;7
260005;121
260010;70
260020;6
260030;35
260040;36
260050;57
260060;30
260070;53
260080;43
260090;38
260100;19
260105;23
260110;62
260120;102
260130;12
260140;95
260150;21
260160;21
260170;126
260180;21
260190;135
260200;48
260210;77
260220;80
260230;89
260240;15
260250;22
260260;58
260270;23
260280;78
260290;267
260300;53
260310;33
260320;36
260330;17
260340;1
260345;202
260350;26
260360;17
260370;52
260380;28
260390;33
260392;9
260400;107
260410;449
260415;19
260420;73
260430;19
260440;17
260450;38
260460;31
260470;29
260480;18
260490;22
260500;40
260510;48
260515;17
260520;83
260530;34
260540;50
260545;2
260550;15
260560;38
260570;47
260580;22
260590;31
260600;218
260610;42
260620;128
260630;9
260640;126
260650;25
260660;16
260670;5
260680;127
260690;27
260760;25
260700;15
260710;5
260720;95
260730;40
260740;9
260750;40
260765;60
260770;35
260775;24
260780;25
260790;742
260795;17
260800;29
260805;22
260810;66
260820;16
260825;20
260830;44
260840;44
260850;31
260845;27
260860;21
260870;26
260875;17
260880;70
260890;104
260900;60
260910;23
260915;15
260920;18
260930;24
261430;10
260940;77
260950;57
260960;531
260970;53
260980;14
260990;82
261000;96
261010;6
261020;50
261030;18
261040;24
261050;45
261060;63
261070;411
261080;46
261090;109
261100;47
261110;280
261120;33
261130;37
261140;18
261150;32
261153;8
261160;1901
261170;31
261180;65
261190;21
261200;9
261210;14
261220;81
261230;28
261240;41
261245;21
261247;29
261250;91
261255;18
261260;31
261270;24
261280;16
261290;16
261300;64
261310;73
261320;42
261330;48
261340;36
261350;43
261360;59
261370;140
261380;21
261390;132
261400;14
261410;41
261420;45
261440;15
261450;113
261460;42
261470;12
261480;26
261485;26
261500;22
261510;15
261520;16
261530;108
261540;37
261550;23
261560;38
261570;32
261580;27
261590;22
261600;32
261610;7
261618;14
261620;23
261630;46
261640;261
261650;31
260000;8
270010;40
270020;37
270030;245
270040;69
270050;27
270060;12
270070;34
270080;9
270090;11
270100;61
270110;13
270120;13
270130;30
270135;15
270140;55
270150;8
270160;37
270170;27
270180;16
270190;9
270200;19
270210;25
270220;10
270230;69
270235;32
270240;76
270250;8
270255;24
270260;21
270270;6
270280;27
270290;66
270300;24
270310;58
270320;37
270330;31
270340;11
270350;5
270360;14
270370;5
270375;7
270380;25
270390;4
270400;28
270410;38
270420;28
270430;1175
270440;37
270490;3
270450;46
270460;14
270470;73
270480;19
270500;21
270510;40
270520;12
270530;8
270540;11
270550;27
270560;17
270570;23
270580;10
270590;11
270600;16
270610;16
270620;11
270630;110
270640;27
270642;17
270644;13
270650;17
270660;15
270670;123
270680;27
270690;60
270700;2
270710;35
270720;16
270730;31
270740;7
270750;29
270760;19
270770;114
270780;8
270790;13
270800;44
270810;28
270820;7
270830;48
270840;40
270850;49
270860;78
270870;12
270880;61
270890;17
270895;22
270900;9
270910;34
270915;66
270920;34
270930;79
270940;28
280010;5
280020;29
280030;513
280040;8
280050;16
280060;26
280067;44
280070;10
280100;29
280110;5
280120;24
280130;40
280140;20
280150;21
280160;13
280170;11
280190;3
280200;3
280210;88
280220;4
280230;14
280240;11
280250;5
280260;12
280270;13
280280;13
280290;74
280300;54
280310;4
280320;42
280330;20
280340;20
280350;106
280360;29
280370;13
280380;7
280390;15
280400;23
280410;22
280420;15
280430;6
280440;22
280445;9
280450;40
280460;52
280470;10
280480;130
280490;22
280500;1
280510;14
280520;5
280530;10
280540;22
280550;20
280560;25
280570;55
280580;22
280590;16
280600;12
280610;4
280620;27
280630;6
280650;1
280640;8
280660;15
280670;69
280680;18
280690;7
280700;3
280710;55
280720;14
280730;2
280740;60
280750;22
280760;26
290010;10
290020;21
290030;16
290035;8
290040;18
290060;5
290070;243
290080;24
290090;12
290100;45
290110;27
290115;16
290120;26
290130;9
290135;4
290140;10
290150;16
290160;20
290170;12
290180;8
290190;47
290195;10
290205;19
290200;18
290210;56
290220;16
290225;15
290230;13
290240;17
290250;7
290260;30
290265;4
290270;72
290280;35
290290;60
290300;23
290310;7
290320;114
290323;21
290330;11
290327;17
290340;29
290350;36
290360;16
290370;21
290380;10
290390;54
290395;15
290400;24
290405;15
290410;35
290420;14
290430;30
290440;3
290450;18
290460;82
290470;24
290475;33
290480;4
290485;20
290490;60
290500;14
290510;14
290515;13
290520;47
290530;26
290540;18
290550;13
290560;37
290570;185
290580;37
290590;28
290600;26
290610;4
290620;15
290630;51
290640;8
290650;84
290660;13
290670;19
290680;38
290682;12
290685;14
290687;39
290689;13
290690;21
290700;7
290710;33
290720;52
290730;50
290740;3
290750;66
290755;13
290760;17
290770;15
290780;40
290790;22
290800;35
290810;8
290820;29
290830;33
290840;112
290850;43
290860;31
290870;21
290880;1
290890;37
290900;7
290910;8
290920;27
290930;18
290940;5
290950;9
290960;19
290970;15
290980;79
290990;32
291000;18
291005;60
291010;10
291020;7
291030;16
291040;23
291050;30
290050;25
291060;37
291070;87
291072;158
291075;14
291077;6
291080;484
291085;28
291090;10
291100;17
291110;11
291120;51
291125;4
291130;27
291140;18
291150;11
291160;25
291165;15
291170;85
291180;31
291185;15
291190;33
291200;9
291210;37
291220;16
291230;15
291240;21
291250;17
291260;4
291270;36
291280;10
291290;31
291300;10
291310;16
291320;42
291330;8
291340;8
291345;16
291350;18
291360;294
291370;43
291380;16
291390;65
291400;43
291410;23
291420;8
291430;12
291440;25
291450;38
291460;73
291465;49
291470;87
291480;329
291490;11
291500;12
291510;23
291520;27
291530;14
291535;11
291540;18
291550;37
291560;79
291570;15
291580;26
291590;8
291600;30
291610;14
291620;18
291630;16
291640;81
291650;37
291660;11
291670;14
291680;32
291685;20
291690;16
291700;39
291710;40
291720;24
291730;17
291733;12
291735;14
291740;15
291750;114
291760;77
291770;22
291780;18
291790;15
291800;177
291810;72
291820;17
291830;20
291835;27
291840;202
291845;7
291850;26
291855;16
291860;14
291870;13
291875;12
291880;20
291890;5
291900;8
291905;13
291910;9
291915;31
291920;130
291930;5
291940;12
291950;57
291955;23
291960;16
291970;30
291980;72
291990;13
291992;20
291995;18
292000;8
292010;30
292020;15
292030;16
292040;7
292045;10
292050;21
292060;66
292070;15
292080;14
292090;14
292100;34
292105;5
292110;39
292120;34
292130;18
292140;9
292145;13
292150;47
292160;6
292170;33
292180;6
292190;19
292200;25
292205;11
292210;29
292220;17
292225;5
292230;52
292240;32
292250;37
292260;17
292265;14
292270;42
292273;3
292275;5
292280;19
292285;15
292290;22
292300;41
292303;14
292305;13
292310;19
292320;35
292330;7
292335;21
292340;22
292350;6
292360;39
292370;27
292380;20
292390;19
292400;157
292405;28
292410;15
292420;15
292430;24
292440;29
292450;21
292460;14
292465;9
292467;13
292470;18
292480;31
292490;5
292500;37
292510;88
292520;37
292525;21
292530;121
292540;12
292550;32
292560;19
292570;17
292575;35
292580;27
292590;30
292593;10
292595;27
292600;38
292610;12
292620;17
292630;51
292640;27
292650;13
292660;35
292665;5
292670;26
292680;13
292690;14
292700;34
292710;11
292720;41
292730;14
292740;2105
292750;24
292760;12
292770;28
292780;11
292790;16
292805;14
292810;37
292840;18
292850;10
292800;36
292820;35
292830;9
292860;69
292870;152
292880;79
292890;13
292895;19
292910;31
292900;28
292905;12
292920;31
292925;31
292930;31
292935;12
292937;16
292940;14
292950;51
292960;25
292970;19
292975;13
292980;14
292990;21
293000;10
293010;89
293020;18
293015;28
293030;21
293040;13
293050;78
293060;18
293070;92
293075;8
293076;11
293077;8
293080;13
293090;12
293100;21
293105;14
293110;5
293120;22
293130;8
293135;121
293140;11
293150;15
293160;16
293170;13
293180;22
293190;38
293200;29
293210;43
293220;31
293230;30
293240;21
293245;9
293250;30
293260;12
293270;30
293280;17
293290;89
293300;30
293305;20
293310;13
293315;17
293317;16
293320;38
293325;12
293330;353
293340;11
293345;11
293350;19
293360;65
290000;7
310010;10
310020;33
310030;17
310040;7
310050;8
310060;8
310070;4
310080;5
310090;28
310100;7
310110;39
310120;11
310130;6
310140;3
310150;74
310160;72
310163;5
310170;31
310180;13
310190;16
310200;22
310205;12
315350;11
310210;14
310220;9
310230;19
310240;2
310250;6
310260;71
310280;21
310285;4
310290;17
310300;11
310310;1
310320;2
310330;5
310340;22
310350;115
310360;6
310370;5
310375;8
310380;2
310390;7
310400;133
310410;10
310420;40
310430;28
310440;5
310445;3
310450;16
310460;27
310470;10
310480;4
310490;27
310500;11
310510;46
310520;6
310530;5
310540;35
310550;10
310560;149
310570;10
310590;24
310600;10
310620;1938
310630;22
310640;18
310650;6
310665;2
310660;8
310670;301
310680;6
310690;22
310710;64
310720;2
310730;24
310740;39
310750;17
310760;5
310770;4
310780;32
310790;19
310800;22
310810;10
310820;5
310825;3
310830;9
310840;28
310850;3
310870;5
310855;12
310860;26
310880;4
310890;21
310900;26
310910;15
310920;13
310925;7
310930;18
310940;25
310945;4
310950;7
310960;4
310970;14
310270;5
310980;1
310990;19
311000;51
311010;8
311020;6
311030;21
311040;2
311050;45
311060;25
311070;24
311080;4
311090;35
311100;31
311110;21
311115;4
311120;74
311130;12
311140;7
311150;13
311160;24
311190;5
311170;3
311180;12
311200;13
311205;6
311210;2
311220;5
311230;26
311240;2
311250;8
311260;30
311265;3
311270;11
311280;7
311290;7
311300;23
311310;2
311320;20
311330;56
311340;135
311350;6
311360;6
311370;33
311380;3
311390;20
311400;18
311410;16
311420;20
311430;39
311440;28
311450;16
311455;10
311460;5
311470;2
311480;6
311490;4
311500;1
311510;23
311530;150
311535;4
311540;1
311545;5
311547;3
311550;49
311560;5
311570;11
311580;11
311590;5
311600;9
311610;6
311615;8
311620;5
311630;8
311640;2
311650;5
311660;28
311670;14
311680;7
311690;5
311700;4
311710;14
311520;10
311730;15
311720;3
311740;9
311750;24
311760;5
311770;23
311780;10
311783;4
311787;4
311790;10
311800;54
311810;6
311820;12
311830;172
311840;47
311850;6
311860;479
311870;12
311880;12
311890;6
311900;2
311910;32
311920;18
311930;34
311940;164
311950;8
311960;4
311970;4
311980;6
311990;3
311995;8
312000;4
312010;4
312015;10
312020;12
312030;1
312040;10
312050;18
312060;11
312070;6
312080;39
312083;9
312087;1
312090;55
312100;5
312110;16
312120;7
312125;8
312130;14
312140;4
312150;7
312160;37
312170;2
312180;13
312190;4
312200;29
312210;16
312220;12
312230;254
312235;6
312240;13
312245;6
312247;7
312250;6
312260;10
312270;2
312280;4
312290;15
312300;13
312310;4
312320;22
312330;19
312352;5
312360;29
312370;14
312380;3
312385;14
312390;25
312400;14
312410;62
312420;46
312430;17
312440;8
312450;12
312460;5
312470;3
312480;4
312490;18
312500;12
312510;44
312520;6
312530;5
312540;4
312560;8
312570;12
312580;3
312590;12
312595;17
312600;1
312610;98
312620;5
312640;1
312650;6
312660;1
312670;10
312680;6
312690;12
312695;6
312700;8
312705;5
312707;6
312710;65
312720;6
312730;8
312733;2
312737;7
312738;9
312740;8
312750;9
312760;12
312770;448
312780;7
312790;2
312800;27
312810;18
312820;6
312825;3
312830;21
312840;13
312850;4
312860;6
312870;84
312880;12
312890;8
312900;11
312910;9
312920;4
312930;12
312940;12
312950;31
312960;7
312965;6
312970;6
312980;109
312990;7
313000;1
313005;11
313010;29
313020;10
313030;18
313040;6
313050;11
313055;6
313060;10
313065;4
313070;7
313080;1
313090;49
313100;5
313110;4
313115;17
313120;45
313130;189
313140;7
313150;15
313160;4
313170;81
313180;20
313190;75
313200;4
313210;12
313220;18
313230;25
313240;105
313250;24
313260;5
313270;28
313280;3
313290;15
313300;28
313310;18
313320;20
313330;17
313340;20
313350;38
313360;12
313370;16
313375;15
313380;94
313390;4
313400;19
313410;11
313420;108
313430;6
313440;34
313450;10
313460;15
313470;16
313480;12
313490;38
313500;3
313505;26
313507;2
313510;39
313520;32
313530;2
313535;4
313540;14
313545;3
313550;16
313560;3
313570;3
313580;33
313590;9
313600;13
313610;8
313620;65
313630;47
313640;2
313650;18
313652;1
313655;7
313657;2
313665;17
313670;513
313680;4
313690;10
313695;3
313700;9
313710;15
313720;42
313730;3
313740;17
313750;21
313753;9
313760;28
313770;29
313780;48
313790;2
313800;12
313810;7
313820;133
313830;3
313835;3
313840;74
313850;5
313860;27
313862;6
313865;4
313867;4
313868;8
313870;11
313880;13
313890;8
313900;48
313910;9
313920;10
313925;7
313930;25
313940;112
313950;34
313960;60
313980;20
313970;10
313990;16
314000;48
314010;14
314015;7
314020;4
314030;7
314040;5
314050;10
314053;14
314055;9
314060;7
314070;25
317150;6
314080;19
314085;7
314090;20
314100;15
314110;42
314120;6
314130;5
314140;19
314150;12
314160;19
314170;7
314180;8
314190;10
314200;11
314210;11
314220;27
314225;3
314230;7
314240;7
314250;3
314260;16
314270;19
314280;22
314290;17
314300;23
314310;55
314315;13
314320;36
314340;25
314330;182
314350;8
314360;4
314370;3
314380;2
314390;177
314400;57
314410;26
314420;5
314430;49
314435;8
314437;3
314440;4
314450;19
314460;26
314465;10
314467;3
314470;11
314480;65
314490;2
314500;10
314505;1
314510;20
314520;49
313660;5
314530;34
314535;11
314537;4
314540;2
314545;3
314550;7
314560;45
314580;3
314585;8
314587;5
314590;24
314600;49
314610;81
314620;11
314625;2
314630;35
314655;4
314640;6
314650;6
314660;8
314670;9
314675;7
314690;16
314710;73
314700;31
314720;31
314730;22
314740;27
314760;30
314770;14
314780;4
314750;1
314790;111
314795;7
314800;157
314810;51
314820;7
314830;15
314840;11
314850;8
314860;19
314870;35
314875;4
314880;8
314890;1
314900;2
314910;13
314915;3
314920;3
314930;46
314940;1
314950;4
314960;3
314970;10
314980;13
314990;26
314995;14
315000;7
315010;3
315015;14
315020;4
315030;7
315040;9
315050;10
315053;3
315057;2
315060;8
315070;3
315080;23
315090;10
315100;10
315110;15
315120;26
315130;13
315140;41
315150;19
315160;11
315170;27
315180;182
315190;18
315200;28
315210;78
315213;3
315217;8
315220;24
315230;17
315240;24
315250;123
315260;12
315270;17
315280;30
315290;17
315300;5
315310;9
315320;2
315330;1
315340;19
315360;5
315370;3
315380;3
315390;11
315400;37
315410;27
315415;8
315420;23
315430;35
315440;4
315445;2
315450;3
315460;187
315470;8
315480;11
315490;6
315510;2
315500;3
315520;6
315530;7
315540;10
315550;17
315560;39
315570;10
315580;18
315590;11
315600;15
315610;2
315620;2
315630;14
315640;1
315645;11
315650;4
315660;8
315670;83
315680;16
315690;14
315700;19
315710;6
315720;13
315725;14
315727;4
315730;5
315733;9
315737;4
315740;5
315750;7
315760;3
315765;4
315770;9
315780;146
315790;19
315800;10
315810;12
315820;30
315920;10
315940;4
315930;10
315935;9
315950;4
315960;32
315970;2
315980;15
315830;5
315840;8
315850;8
315860;5
315870;3
315880;5
315890;8
315895;27
315900;3
315910;3
315990;21
316000;4
316010;7
316020;2
316030;8
316040;32
316045;5
316050;1
316070;125
316080;6
316090;4
316095;5
316100;10
316105;14
316110;30
316120;6
316130;11
316140;3
316150;23
316160;7
316165;12
316170;9
316180;8
316190;12
312550;4
316200;33
316210;35
316220;4
316225;4
316230;3
316240;15
316245;4
316250;169
316255;15
316257;10
316260;12
316265;2
316270;9
316280;24
316290;39
316292;24
316294;5
316295;25
316300;9
316310;6
316320;4
316330;9
316340;8
316350;17
316360;5
316370;74
316380;13
316390;8
316410;13
316400;25
316420;5
316430;4
316440;5
316443;4
316447;9
316450;11
316460;9
316470;62
316480;2
316490;5
316520;5
316500;14
316510;8
316530;16
316540;11
316550;13
316553;17
316556;5
316557;7
316560;1
316570;26
316580;2
316590;4
316600;7
316610;8
316620;18
316630;8
316640;4
316650;4
316680;13
316670;13
316690;6
316695;3
316700;1
316710;11
316720;167
316555;16
316730;4
316740;9
316750;4
316760;20
316770;13
316780;13
316790;9
316800;16
316805;6
316810;4
316820;2
316830;3
316840;31
316850;22
316860;99
316870;63
316880;5
316890;8
316900;17
316905;2
316910;4
316920;16
316930;67
316935;14
316940;80
316950;2
316960;37
316970;10
316980;4
316990;113
317000;8
317005;21
317010;330
317020;612
317030;7
317040;65
317043;1
317047;2
317050;9
317052;7
317057;9
317060;3
317065;3
317070;118
317075;5
317080;32
317090;8
317100;19
317103;5
317107;1
317110;2
317115;9
317120;75
317130;57
317140;9
317160;21
317170;25
317180;16
317190;3
317200;54
317210;1
317220;7
310000;2
320010;64
320016;25
320013;14
320020;58
320030;17
320035;7
320040;36
320050;10
320060;87
320070;16
320080;56
320090;61
320100;15
320110;24
320115;18
320120;238
320130;425
320140;70
320150;134
320160;32
320170;13
320180;6
320190;43
320200;5
320210;34
320220;20
320225;13
320230;52
320240;177
320245;47
320250;19
320255;16
320260;19
320265;18
320270;24
320280;67
320290;15
320300;47
320305;30
320310;28
320313;32
320316;26
320320;127
320330;30
320332;54
320334;27
320335;18
320340;48
320350;31
320360;9
320370;24
320380;32
320390;62
320400;43
320405;25
320410;34
320420;32
320425;13
320430;25
320435;20
320440;19
320450;24
320455;43
320460;37
320465;14
320470;39
320480;24
320490;113
320495;13
320500;434
320501;20
320503;24
320506;25
320510;73
320515;8
320517;11
320520;479
320530;371
330010;189
330015;14
330020;215
330022;20
330023;33
330025;44
330030;153
330040;280
330045;676
330050;56
330060;62
330070;278
330080;65
330090;21
330100;600
330110;36
330093;16
330115;24
330120;26
330130;45
330095;7
330140;26
330150;44
330160;16
330170;1211
330180;31
330185;81
330187;69
330190;332
330200;157
330205;20
330210;49
330220;134
330225;33
330227;101
330230;11
330240;242
330245;16
330250;497
330260;51
330270;235
330280;51
330285;324
330290;52
330300;40
330310;32
330320;266
330330;825
330340;287
330350;1214
330360;108
330370;102
330380;58
330385;50
330390;651
330395;39
330400;57
330410;33
330411;26
330412;21
330414;147
330415;27
330420;180
330430;79
330440;34
330450;16
330452;221
330455;10806
330460;24
330470;87
330480;47
330475;73
330490;1541
330500;53
330510;657
330513;10
330515;38
330520;135
330530;16
330540;34
330550;94
330555;94
330560;28
330570;13
330575;38
330580;283
330590;16
330600;143
330610;134
330615;13
330620;51
330630;359
330000;51
350010;69
350020;5
350030;25
350040;19
350050;29
350055;5
350060;1
350070;42
350075;7
350080;8
350090;6
350100;29
350110;4
350115;16
350120;4
350130;38
350140;9
350150;5
350160;232
350170;27
350180;10
350190;96
350200;6
350210;94
350220;20
350230;9
350240;5
350250;49
350260;8
350270;39
350275;22
350280;130
350290;32
350300;10
350310;8
350315;4
350320;267
350330;110
350340;7
350350;10
350360;11
350370;11
350380;42
350390;91
350395;3
350400;70
350410;199
350420;27
350430;5
350440;8
350450;55
350460;18
350470;2
350480;13
350490;21
350500;3
350510;7
350520;31
350530;33
350535;7
350540;8
350550;120
350560;20
350570;339
350580;26
350590;58
350600;563
350610;75
350620;2
350630;21
350635;87
350640;8
350650;83
350660;23
350670;19
350680;9
350690;15
350700;68
350710;21
350715;3
350730;3
350740;16
350745;5
350750;147
350760;199
350770;2
350775;2
350780;26
350790;21
350800;34
350810;19
350820;3
350830;4
350840;57
350850;76
350860;27
350870;18
350880;12
350890;3
350900;102
350910;9
350920;83
350925;36
350930;12
350940;21
350945;10
350950;1231
350960;112
350970;61
350980;4
350990;25
350995;4
351000;42
351010;4
351015;4
351020;90
351030;26
351040;55
351050;104
351060;407
351070;6
351080;42
351090;1
351100;37
351110;69
351120;12
351130;10
351140;12
351150;49
351160;18
351170;16
355720;16
351190;4
351200;23
351210;5
351220;28
351230;18
351240;17
351250;5
351260;9
351270;5
351280;77
351290;5
351300;304
351310;37
351320;10
351330;1
351340;69
351350;163
351360;37
351370;42
351380;388
351385;3
351390;28
351400;7
351410;36
351420;4
351430;15
351440;58
351450;14
351460;7
351470;5
351480;15
351490;22
351492;2
351495;3
351500;203
351510;94
351512;2
351515;18
351518;173
351519;6
355730;6
351520;12
351530;2
351535;9
351540;24
351560;10
351550;82
351565;3
351570;167
351580;3
351590;3
351600;6
351610;4
351620;321
351630;208
351640;177
351650;3
351660;10
351670;85
351680;5
351685;6
351690;19
351700;9
351710;2
351720;8
351730;5
351740;43
351750;15
351760;45
351770;15
351780;13
351790;13
351800;4
351810;6
351820;25
351830;36
351840;131
351850;25
351860;44
351870;490
351880;1510
351885;12
351890;5
351900;15
351905;13
351907;183
351910;14
351920;8
351925;5
351930;40
351940;9
351950;6
351960;82
351970;62
351980;3
351990;6
352000;18
352010;47
352020;10
352030;65
352042;25
352044;30
352040;21
352050;211
352060;4
352070;6
352080;7
352090;23
352100;27
352110;6
352115;5
352120;6
352130;19
352140;19
352150;11
352160;12
352170;22
352180;23
352190;19
352200;3
352210;238
352215;11
352220;149
352230;184
352240;121
352250;242
352260;94
352265;1
352270;56
352280;20
352290;18
352300;3
352310;235
352320;97
352330;25
352340;150
352350;17
352360;9
352370;2
352380;6
352390;163
352400;40
352410;40
352420;7
352430;96
352440;181
352450;3
352460;29
352470;42
352480;49
352490;8
352500;109
352510;41
352520;48
352530;83
352540;4
352550;23
352560;2
352570;29
352580;2
352585;1
352590;461
352600;40
352610;27
352620;37
352630;9
352640;42
352650;7
352660;3
352670;97
352680;59
352690;268
352700;9
352710;79
352720;107
352725;4
352730;37
352740;26
352750;3
352760;8
352770;5
352780;8
352790;1
352800;11
352810;10
352820;3
352830;4
352840;64
352850;104
352860;4
352870;3
352880;15
352885;3
352890;4
352900;226
352910;1
352920;24
352930;77
352940;400
352950;11
352960;7
352970;23
352980;12
353000;3
352990;20
353010;32
353020;14
353030;52
353040;2
353050;79
353060;582
353070;191
353080;114
353090;7
353100;1
353110;147
353120;10
353130;46
353140;31
353150;23
353160;6
353180;56
353170;1
353190;26
353200;8
353205;7
353210;11
353215;2
353220;9
353230;13
353240;30
353250;19
353260;25
353270;3
353280;8
353282;7
353284;5
353286;3
353290;13
353300;17
353310;7
353320;3
353330;4
353340;44
353325;2
353350;52
353360;6
353370;3
353380;4
353390;80
353400;6
353410;10
353430;37
353440;888
353450;4
353460;38
353470;88
353480;7
353475;14
353490;15
353500;15
353510;5
353520;18
353530;36
353540;19
353550;55
353560;27
353570;11
353580;19
353590;8
353600;20
353610;5
353620;25
353625;3
353630;8
353640;9
353650;53
353657;2
353660;11
353670;41
353680;8
353690;6
353700;21
353710;58
353715;2
353720;12
353730;92
353740;45
353750;10
353760;116
353770;7
353780;85
353790;58
353800;219
353810;16
353820;19
353830;3
353850;20
353860;36
353870;242
353880;73
353890;22
353900;15
353910;13
353920;43
353930;110
353940;12
353950;39
353960;7
353970;1
353980;100
353990;11
354000;23
354010;3
354020;35
354025;5
354030;5
354040;6
354050;11
354060;62
354070;79
354075;18
354080;23
354085;3
354090;7
354100;563
354105;7
354110;2
354120;26
354130;54
354140;213
354150;48
354160;29
354165;2
354170;24
354180;4
354190;13
354200;6
354210;7
354220;47
354230;4
354240;26
354250;11
354260;81
354270;5
354280;7
354290;25
354300;25
354310;6
354320;2
354323;1
354325;15
354330;128
354340;890
354360;5
354370;16
354380;21
354390;229
354400;27
354410;43
354420;11
354350;18
354425;15
354430;10
354440;4
354450;6
354460;12
354470;4
354480;21
354490;12
354500;30
354510;3
354515;6
354520;128
354530;97
354540;8
354550;3
354560;14
354570;8
354580;231
354600;11
354610;3
354620;4
354625;4
354630;69
354640;54
354650;2
354660;45
354670;20
354680;66
354690;10
354700;10
354710;4
354740;1
354750;33
354760;20
354765;2
354720;2
354730;96
354770;20
354780;932
354790;8
354800;23
354805;9
354810;8
354820;9
354830;6
354840;3
354850;873
354860;11
354870;743
354880;222
354890;232
354900;3
354910;106
354920;5
354925;1
354930;3
354940;72
354950;7
354960;4
354970;48
354980;509
354990;624
354995;15
355000;21
355010;61
355020;22
355030;13971
355040;30
355050;7
355060;92
355070;70
355080;22
355090;24
355100;578
355110;10
355120;9
355130;7
355140;15
355160;36
355150;50
355170;113
355180;19
355190;22
355200;4
355210;72
355220;642
355230;8
355240;233
355255;2
355250;295
355260;14
355270;23
355280;287
355290;3
355300;13
355310;4
355320;7
355330;25
355340;37
355350;21
355360;13
355365;4
355370;46
355380;30
355385;6
355390;4
355395;14
355400;151
355410;378
355420;4
355430;24
355440;4
355450;49
355460;6
355465;4
355470;11
355475;2
355480;47
355490;2
355495;9
355500;154
355510;30
355520;4
355530;3
355535;7
355540;69
355550;7
355560;10
355570;2
355580;12
355590;1
355600;23
355610;14
355620;124
355630;18
355635;8
355640;45
355645;57
355650;99
355660;13
355670;50
355680;30
355690;10
355695;2
355700;100
355710;72
355715;2
350000;25
410010;9
410020;5
410030;9
410040;126
410045;8
412862;6
410060;25
410070;20
410050;58
410080;11
410090;16
410100;23
410105;9
410110;42
410115;1
410120;22
410130;19
410140;155
410150;117
410160;46
410165;5
410170;22
410180;130
410185;2
410190;21
410200;53
410210;39
410220;3
410230;11
410240;43
410250;27
410270;3
410260;11
410275;12
410280;18
410290;20
410300;8
410302;3
410304;5
410305;10
410310;12
410315;3
410320;9
410322;4
410330;6
410335;11
410337;10
410340;2
410345;13
410347;9
410350;11
410360;33
410370;111
410380;7
410390;33
410395;2
410400;41
410405;3
410410;8
410420;113
410425;24
410430;116
410440;17
410442;19
410445;14
410450;39
410460;23
410465;16
410470;12
410480;268
410490;63
410500;22
410510;33
410520;27
410530;15
410540;24
410550;106
410560;17
410570;14
410580;219
410590;28
410600;12
410610;4
410620;24
410630;27
410640;57
410645;13
410650;18
410655;6
410680;21
410657;6
410660;29
410670;8
410685;8
410690;2042
410700;33
410715;12
410710;9
410712;3
410720;40
410725;11
410730;9
412863;8
410740;12
410750;21
410753;6
410752;4
410754;12
410755;5
410760;38
410765;86
410770;7
410773;10
410775;24
410785;5
410780;15
410790;9
410800;25
410810;4
410820;14
410830;281
410845;5
410832;21
410840;62
410850;12
410855;5
410860;59
410865;7
410870;15
410880;36
410890;25
410895;11
410900;8
410910;4
410920;5
410930;17
410940;215
410950;8
410960;45
410965;3
410970;69
410975;12
410980;45
410990;21
411000;5
411005;1
411007;19
411010;33
411020;11
411030;8
411040;7
411050;3
411060;37
411065;7
411070;62
411080;19
411090;9
411095;15
411100;15
411110;4
411120;13
411125;34
411130;9
411140;13
411150;54
411155;10
411160;10
411170;11
411180;58
411190;10
411200;66
411210;34
411220;21
411230;10
411240;9
411250;25
411260;4
411270;19
411275;20
411280;26
411290;7
411295;9
411300;10
411310;10
411320;55
411325;10
411330;31
411340;4
411342;8
411345;17
411350;42
411360;6
411370;525
411373;6
411375;19
411380;12
411390;24
411400;19
411410;46
411420;38
411430;31
411435;2
411440;19
411450;8
411460;74
411470;17
411480;56
411490;15
411500;11
411510;16
411520;375
411530;9
411535;8
411540;17
411545;1
411550;8
411560;13
411570;40
411573;3
411575;13
411580;38
411585;7
411590;5
411600;5
411605;10
411610;25
411620;21
411630;7
411640;4
411650;2
411660;2
411670;24
411680;13
411690;45
411695;8
411700;17
411705;7
411710;24
411720;17
411725;11
411721;8
411722;28
411727;5
411729;4
411730;35
411740;13
411745;10
411750;52
411760;55
411770;48
411780;26
411790;32
411800;15
411810;10
411820;182
411830;12
411840;133
411845;11
411850;67
411860;7
411870;8
411880;20
411885;8
411890;26
411900;8
411910;13
411915;149
411925;3
411920;15
411930;35
411940;19
411950;94
411960;55
411965;2
411970;15
411980;36
411990;296
411995;21
412000;19
412010;5
412015;4
412020;7
412030;10
412033;1
412035;9
412040;7
412050;16
412060;65
412065;12
412070;11
412080;17
412085;9
412090;40
412100;22
412110;10
412120;17
412125;6
412130;8
412135;3
412140;14
412150;15
412160;10
412170;44
412175;10
412180;23
412190;37
412200;35
412210;5
412215;22
412217;5
412220;32
412230;40
412240;78
412250;22
412260;9
412265;4
412270;3
412280;2
412290;14
412300;24
412310;3
412320;4
412330;15
412340;21
412350;41
412360;2
412370;21
412380;10
412382;4
412385;13
412390;21
412395;7
412402;15
412405;19
412400;13
412410;87
412420;3
412430;3
412440;26
412450;12
412460;11
412470;11
412480;13
412490;12
412500;25
412510;12
412520;15
412530;9
412535;7
412540;11
412545;11
412550;259
412555;1
412560;67
412570;27
412575;5
412580;10
412590;6
412600;8
412610;6
412620;12
412625;119
412627;12
412630;26
412640;10
412650;20
412660;34
412665;7
412667;7
412670;9
412680;23
412690;9
412700;6
412710;138
412720;25
412730;24
412740;25
412750;23
412760;18
412770;121
412780;13
412785;19
412788;6
412790;12
412795;4
412796;15
412800;37
412810;192
412820;69
412830;1
412840;12
412853;18
412855;18
412860;9
412865;5
412870;2
412850;40
412880;6
410000;1
420005;5
420010;10
420020;9
420030;6
420040;6
420050;5
420055;4
420060;8
420070;10
420075;6
420080;10
420090;8
420100;19
420110;4
420120;14
420125;8
420127;11
420130;18
420140;105
420150;21
420160;2
420165;2
420170;7
420180;10
420190;5
420195;28
420205;23
420200;118
420207;19
421280;29
422000;20
420209;2
420210;19
420213;4
420215;4
420220;9
420230;89
420240;258
420243;4
420250;7
420253;1
420257;2
420260;11
420245;15
420270;3
420280;41
420285;10
420287;2
420290;101
420300;70
420310;9
420315;2
420320;41
420330;14
420340;11
420350;3
420360;53
420370;10
420380;66
420325;4
420390;30
420395;38
420400;10
420410;8
420415;3
420417;4
420419;5
420420;130
420425;16
420430;64
420435;4
420440;13
420445;2
420455;22
420450;23
420460;203
420470;27
420475;1
420480;50
420490;8
420500;33
420510;5
420515;2
420517;2
420519;3
420520;7
420530;7
420535;2
420540;442
420543;3
420545;32
420550;30
420555;2
420560;2
420570;24
420580;12
420590;52
420600;18
420610;7
420620;16
420630;17
420640;11
420650;22
420660;10
420665;5
420670;22
420675;3
420680;7
420690;23
420700;59
420710;11
420720;28
420730;48
420740;8
420750;52
420760;5
420765;9
420768;3
420770;7
420775;5
420780;8
420790;9
420800;15
420810;27
420820;235
420830;46
420840;14
420845;22
420850;36
420860;3
420870;18
420880;31
420890;95
420895;3
420900;27
420910;601
420915;10
420917;1
420930;229
420940;82
420945;5
420950;8
420960;24
420970;21
420980;1
420985;5
420990;18
421000;9
421003;8
421010;73
421020;3
421030;8
421040;12
421050;31
421055;2
421060;12
421080;3
421085;1
421090;8
421100;13
421105;12
421110;11
421120;20
421125;4
421130;61
421140;1
421145;1
421150;13
421160;18
421165;2
421170;30
421175;21
421180;9
421185;1
421187;1
421189;3
421190;173
421200;5
421205;2
421210;23
421220;10
421223;5
421225;5
421227;4
421230;4
421240;4
421250;56
421260;8
421265;18
421270;5
421290;12
421300;1
421310;5
421315;3
421320;25
421330;7
421335;4
421340;10
421350;25
421360;55
421370;27
421380;7
421390;1
421400;18
421410;4
421415;3
421420;8
421430;7
421440;8
421450;15
421460;19
421480;69
421470;25
421490;4
421500;43
421505;1
421507;6
421510;18
421520;12
421530;14
421540;3
421545;12
421550;25
421555;5
421560;5
421565;16
421567;5
421570;33
421580;59
421575;1
421590;1
421600;11
421605;5
421610;8
421620;63
421630;26
421635;4
421625;13
421640;6
421650;33
421660;237
421670;16
421680;16
421690;8
421700;13
421710;3
421715;2
421720;24
421725;4
421730;11
421740;11
421750;19
421755;4
421760;16
421770;32
421775;5
421780;15
421790;3
421795;3
421800;45
421810;6
421820;47
421825;5
421830;17
421835;11
421840;7
421850;5
421860;16
421870;110
421875;3
421880;6
421885;3
421890;11
421895;2
421900;43
421910;4
421915;4
421917;3
421920;3
421930;35
421935;6
421940;9
421950;40
421960;5
421970;27
430003;7
430005;1
430010;11
430020;17
430030;14
430040;96
430045;9
430047;4
430050;11
430055;3
430057;5
430060;235
430063;4
430064;17
430066;1
430070;8
430080;23
430085;3
430087;6
430090;10
430100;23
430107;1
430105;16
430120;30
430110;18
430130;31
430140;13
430150;17
430155;9
430160;271
430163;17
430165;10
430170;13
430175;6
430185;3
430187;3
430190;9
430192;4
430195;1
430180;5
430200;10
430205;4
430210;135
430215;2
430220;11
430222;1
430223;7
430225;7
430230;18
430235;18
430237;4
430240;31
430245;19
430250;25
430258;1
430260;2
430265;13
430270;35
430280;84
430290;24
430300;196
430310;206
430320;5
430330;11
430340;13
430350;93
430355;2
430360;9
430367;5
430370;4
430380;14
430390;54
430400;11
430410;12
430420;61
430430;13
430435;27
430440;48
430450;78
430460;322
430461;5
430462;3
430463;65
430465;3
430466;36
430468;13
430469;5
430467;5
430471;16
430470;123
430480;27
430485;2
430490;9
430495;3
430500;19
430510;600
430511;5
430512;11
430513;7
430515;6
430517;19
430520;31
430530;18
430535;42
430537;1
430540;6
430543;2
430544;5
430545;21
430550;9
430558;5
430560;3
430570;15
430580;16
430583;4
430585;1
430587;4
430590;16
430593;2
430595;12
430597;3
430600;22
430605;13
430607;3
430610;154
430613;3
430620;33
430630;6
430632;8
430635;2
430637;1
430640;26
430642;3
430645;4
430650;21
430660;96
430655;4
430670;5
430673;13
430675;2
430676;37
430680;24
430690;46
430692;1
430695;4
430693;16
430697;5
430700;110
430705;9
430720;10
430730;9
430740;5
430750;25
430755;13
430760;40
430770;93
430780;28
430781;3
430783;4
430786;6
430790;79
430800;7
430805;3
430807;5
430810;26
430820;33
430825;5
430830;11
430840;9
430843;7
430845;5
430850;32
430860;25
430865;8
430870;8
430880;21
430885;1
430890;18
430900;34
430905;6
430910;45
430912;3
430915;6
430920;247
430925;3
430930;102
430940;41
430950;21
430955;3
430710;13
430957;8
430960;29
430965;4
430970;5
430975;9
430980;9
430990;11
430995;2
431000;24
431010;39
431020;107
431030;10
431033;29
431036;3
431040;14
431041;5
431043;12
431046;2
431050;31
431053;3
431055;4
431057;4
431060;33
431065;2
431070;4
431075;2
431080;22
431085;7
431087;8
431090;4
431100;63
431110;15
431112;9
431113;1
431115;3
431120;24
431123;3
431127;2
431130;34
431125;5
431140;76
431142;3
431150;21
431160;10
431162;5
431164;1
431171;5
431170;8
431173;1
431175;9
431177;16
431179;6
431180;31
431190;11
431198;9
431200;1
431205;11
431210;11
431213;3
431215;4
431217;1
431220;8
431225;15
431230;8
431235;1
431237;6
431238;5
431240;71
431242;3
431244;3
431245;16
431247;8
431250;21
431260;17
431261;4
431262;2
431265;34
431267;4
431270;20
431275;4
431280;4
431290;11
431295;5
431300;3
431301;3
431303;7
431306;17
431308;2
431310;21
431320;35
431330;38
431333;4
431335;6
431337;19
431349;10
431339;9
431340;308
431342;9
431344;4
431346;6
431350;83
431360;12
431365;29
431370;65
431380;9
431390;58
431395;23
431400;8
431402;15
431403;5
431405;45
431406;5
431407;7
431410;234
431413;1
431415;23
431417;3
431420;14
431430;6
431440;427
431442;9
431445;1
431446;1
431447;4
431449;9
431450;23
431454;5
431455;6
431460;49
431470;21
431475;6
431477;5
431478;2
431480;32
431490;2019
431500;21
431505;5
431507;1
431510;29
431513;6
431514;2
431515;23
431517;2
431520;8
431530;50
431531;2
431532;3
431535;6
431540;15
431545;2
431550;32
431555;7
431560;292
431570;50
431575;13
431580;14
431590;7
431595;3
431600;49
431610;20
431620;8
431630;17
431640;82
431642;7
431643;1
431645;19
431647;5
431650;6
431660;6
431710;133
431670;17
431673;3
431675;8
431680;255
431697;5
431690;367
431695;4
431720;91
431725;3
431730;60
431700;15
431740;49
431750;74
431760;62
431770;23
431755;3
431775;7
431780;21
431790;40
431795;1
431800;138
431805;5
431810;18
431820;37
431830;104
431840;38
431842;4
431843;6
431845;4
431846;2
431848;2
431849;2
431850;47
431860;13
431861;4
431862;6
431870;323
431880;84
431890;40
431900;25
431910;7
431912;5
431915;12
431920;11
431930;10
431935;4
431936;3
431937;4
431940;22
431950;24
431960;39
431970;2
431971;5
431973;6
431975;4
431980;19
431990;75
432000;133
432010;30
432020;20
432023;5
432026;9
432030;13
432032;9
432035;9
432040;9
432045;4
432050;10
432055;19
432057;4
432060;8
432065;1
432067;21
432070;22
432080;38
432085;4
432090;41
432100;15
432110;24
432120;80
432130;50
432132;7
432135;6
432140;14
432143;16
432145;56
432146;11
432147;8
432149;4
432150;67
432160;64
432162;6
432163;3
432166;23
432170;36
432180;42
432183;3
432185;10
432190;46
432195;11
432200;46
432210;22
432215;5
432218;2
432220;20
432225;9
432230;16
432232;1
432234;6
432235;3
432237;3
432240;108
432250;118
432253;25
432254;13
432252;10
432255;3
432260;103
432270;49
432280;30
432285;6
432290;5
432300;273
432310;12
432320;11
432330;2
432335;2
432340;5
432345;5
432350;2
432360;2
432370;3
432375;2
432377;5
432380;22
500020;15
500025;5
500060;59
500070;47
500080;9
500085;20
500090;10
500100;43
500110;100
500124;10
500150;9
500190;22
500200;17
500210;35
500215;12
500220;30
500230;19
500240;38
500260;21
500270;1044
500280;8
500290;55
500295;24
500310;8
500315;19
500320;150
500325;28
500330;55
500345;21
500348;13
500350;4
500370;275
500375;14
500380;31
500400;22
500410;15
500430;28
500440;9
500450;35
500460;23
500470;45
500480;15
500490;8
500500;38
500510;4
500515;18
500520;23
500525;9
500540;45
500560;48
500568;40
500570;55
500580;18
500600;24
500620;57
500625;7
500627;5
500630;73
500635;15
500640;13
500660;133
500690;19
500710;18
500720;44
500730;10
500740;28
500750;8
500755;7
500769;21
500780;7
500770;17
500790;44
500793;7
500795;17
500797;7
500800;13
500830;150
500840;14
510010;7
510020;11
510025;55
510030;19
510035;3
510040;5
510050;15
510060;8
510080;9
510100;2
510125;11
510130;12
510140;21
510160;9
510170;32
510180;66
510185;1
510190;16
510250;104
510260;15
510263;16
510267;20
510268;5
510269;5
510270;19
510279;13
510285;3
510300;24
510305;8
510310;4
510320;26
510325;27
510330;13
510335;15
510336;1
510337;4
510340;800
510343;8
510345;5
510350;24
510360;13
510370;2
510380;2
510385;3
510390;5
510395;2
510410;20
510420;25
510450;3
510452;1
510454;3
510455;6
510460;11
510480;24
510490;6
510500;9
510510;32
510515;43
510517;11
510520;12
510523;6
510525;18
510530;1
510558;15
510560;19
510562;22
510590;25
510600;13
510610;25
510615;9
510620;7
510621;7
510880;2
510618;2
510885;2
510890;3
510895;6
510622;17
510617;3
510623;12
510619;3
510624;5
510625;36
510627;7
510626;3
510631;1
510628;8
510629;11
510630;23
510637;15
510642;38
510645;4
510650;62
510665;3
510670;3
510675;68
510677;11
510680;7
510682;16
510685;4
510700;16
510704;50
510706;4
510715;1
510718;9
510719;4
510720;9
510760;202
510770;21
510775;4
510724;3
510774;1
510776;1
510777;3
510726;4
510779;1
510780;28
510785;9
510729;8
510730;14
510735;3
510710;24
510740;4
510787;8
510788;1
510790;109
510792;45
510794;9
510795;93
510800;6
510805;7
510810;6
510820;4
510830;3
510835;2
510840;313
510850;9
510550;11
510860;6
510000;1
520005;11
520010;14
520013;19
520015;5
520017;2
520020;3
520025;119
520030;42
520050;3
520055;4
520060;7
520080;16
520082;2
520085;6
520090;2
520110;351
520130;31
520140;335
520145;2
520150;7
520160;8
520170;27
520180;14
520215;15
520235;6
520250;7
520260;10
520280;3
520310;5
520320;6
520330;44
520340;18
520350;29
520355;10
520357;3
520360;1
520380;17
520390;18
520393;7
520396;5
520400;12
520410;14
520425;12
520430;13
520440;21
520450;83
520455;2
520460;8
520465;5
520470;13
520480;4
520485;7
520490;24
520495;5
520500;12
520505;7
520510;62
520520;9
520530;5
520540;22
520545;12
520547;8
520549;54
520551;31
520552;7
520570;5
520580;15
520590;5
520620;47
520630;8
520640;18
520650;7
520660;2
520670;7
520680;3
520690;5
520710;3
520830;4
520725;6
520735;4
520740;6
520750;8
520753;5
520760;16
520780;17
520790;14
520800;96
520810;3
520815;7
520840;17
520850;3
520860;84
520870;1246
520880;44
520890;35
520910;59
520915;8
520920;21
520929;4
520940;4
520945;4
520960;6
520970;31
520980;5
520990;16
520993;7
520995;15
521000;67
521010;31
521015;6
521020;81
521030;6
521040;41
521056;7
521060;7
521080;14
521090;28
521100;17
521120;32
521130;7
521140;10
521150;167
521160;3
521170;17
521180;35
521190;147
521200;2
521205;1
521210;8
521220;22
521225;7
521230;7
521250;166
521260;3
521270;4
521280;15
521290;4
521295;4
521300;11
521305;1
521308;38
521310;65
521340;4
521350;6
521370;10
521375;10
521377;4
521380;60
521385;6
521390;4
521400;17
521405;14
521410;7
521440;15
521450;28
521460;51
521470;4
521480;3
521483;14
521486;14
521487;4
521490;4
521500;12
521520;2
521523;58
521525;3
521530;12
521540;2
521550;9
521560;23
521565;4
521570;27
521580;4
521590;9
521600;4
521630;14
521640;19
521645;3
521680;13
521690;4
521710;37
521720;13
521730;24
521740;39
521760;80
521770;35
521800;51
521805;4
521810;7
521830;33
521839;7
521850;62
521860;8
521870;11
521878;1
521880;129
521890;15
521900;8
521910;6
521920;4
521925;3
521930;56
521940;8
521945;4
521950;6
521960;5
521970;26
521971;6
521973;8
521975;73
521980;7
521990;3
522000;9
522005;1
522010;47
522015;4
522020;32
522026;4
522028;4
522040;23
522045;102
522050;12
522060;20
522068;10
522070;2
522100;8
522108;1
522119;4
522130;4
522140;138
522145;2
522150;8
522155;1
522157;6
522160;49
522170;21
522180;1
522185;124
522190;4
522200;23
522205;9
522230;6
520000;2
530010;1956
