IBGE;populacao
120001;1502
120005;73
120010;25848
120013;10111
120017;11456
120020;87673
120025;18122
120030;34675
120032;8159
120033;18638
120034;9336
120035;1843
120038;19565
120080;1818
120039;1172
120040;401155
120042;18504
120043;6362
120050;45177
120045;2281
120060;41976
120070;19048
270010;20162
270020;17564
270030;230417
270040;47
270050;15792
270060;8264
270070;18455
270080;4406
270090;6696
270100;27168
270110;10529
270120;1073
270130;21194
270135;6918
270140;56579
270150;9549
270160;17726
270170;17124
270180;9
270190;7319
270200;10744
270210;21575
270220;5826
270230;56562
270235;24129
270240;51763
270250;11054
270255;18153
270260;22152
270270;4729
270280;12773
270290;40588
270300;15606
270310;25649
270320;24408
270330;18378
270340;5288
270350;7036
270360;8317
270370;5597
270375;11624
270380;23903
270390;4175
270400;24731
270410;17934
270420;28495
270430;1012382
270440;19891
270490;3534
270450;32369
270460;9326
270470;51364
270480;13337
270500;25226
270510;24649
270520;17676
270530;5337
270540;7153
270550;28137
270560;12615
270570;21437
270580;9303
270590;5117
270600;11591
270610;11456
270620;4985
270630;73096
270640;24446
270642;10527
270644;13016
270650;15232
270660;7568
270670;63516
270680;17805
270690;35008
270700;2911
270710;24891
270720;14354
270730;27079
270740;7873
270750;20018
270760;11342
270770;74838
270780;668
270790;7272
270800;47486
270810;10755
270820;6953
270830;23855
270840;32111
270850;34415
270860;60775
270870;7888
270880;34011
270890;13716
270895;13818
270900;6187
270910;19886
270915;4396
270920;27632
270930;65461
270940;25773
130002;1586
130006;11332
130008;13269
130010;20538
130014;21583
130020;19438
130030;3883
130040;27364
130050;31593
130060;4202
130063;19258
130068;18781
130070;33976
130080;40565
130083;12877
130090;1545
130100;28076
130110;37384
130115;29595
130120;84272
130130;281
130140;3484
130150;19668
130160;18221
130165;16416
130170;54001
130180;28933
130185;47571
130190;99955
130195;7888
130200;9064
130210;3265
130220;14312
130230;14753
130240;45245
130250;96236
130255;31147
130260;2145444
130270;54907
130280;18186
130290;62755
130300;20899
130310;36721
130320;18974
130330;25237
130340;113168
130350;19329
130353;35352
130356;32577
130360;24436
130370;21966
130380;44816
130390;38515
130395;13685
130400;911
130406;64488
130410;17299
130420;60154
130423;1861
130426;13387
130430;16383
130440;22537
160010;9029
160020;10926
160021;5864
160023;7591
160025;5387
160027;49446
160030;493634
160040;21206
160050;26627
160015;15931
160053;21484
160055;4993
160060;11961
160005;5306
160070;16855
160080;15605
290010;8767
290020;19814
290030;15129
290035;16784
290040;16901
290060;4478
290070;150832
290080;22449
290090;5566
290100;37031
290110;25224
290115;16097
290120;18194
290130;13153
290135;1469
290140;14017
290150;11142
290160;19093
290170;11691
290180;11715
290190;17673
290195;736
290205;12143
290200;13229
290210;54099
290220;11332
290225;11079
290230;8813
290240;11774
290250;13824
290260;20488
290265;13217
290270;53231
290280;20813
290290;32018
290300;139
290310;5821
290320;153831
290323;14802
290330;5743
290327;15846
290340;23214
290350;17317
290360;15975
290370;12953
290380;18622
290390;68609
290395;9942
290400;14288
290405;16637
290410;2152
290420;103
290430;1437
290440;10493
290450;10341
290460;67048
290470;18391
290475;21067
290480;7043
290485;18698
290490;33861
290500;23045
290510;9372
290515;15524
290520;50861
290530;18356
290540;17913
290550;1326
290560;31968
290570;293723
290580;35248
290590;28844
290600;70912
290610;9719
290620;2602
290630;31301
290640;8338
290650;86677
290660;14268
290670;25332
290680;34784
290682;16752
290685;1166
290687;30451
290689;9107
290690;21937
290700;924
290710;28965
290720;71366
290730;26209
290740;3555
290750;54424
290755;934
290760;17252
290770;11154
290780;33356
290790;17097
290800;17458
290810;18746
290820;22392
290830;17332
290840;66191
290850;32909
290860;2563
290870;17319
290880;4086
290890;22719
290900;8585
290910;1424
290920;15801
290930;32081
290940;13796
290950;5349
290960;2104
290970;13872
290980;62871
290990;34389
291000;10906
291005;79685
291010;12155
291020;405
291030;8119
291040;17593
291050;41654
290050;10662
291060;36882
291070;59842
291072;112318
291075;17601
291077;5668
291080;609913
291085;1641
291090;5604
291100;10686
291110;25311
291120;32202
291125;4487
291130;11206
291140;15208
291150;7276
291160;20679
291165;7239
291170;84014
291180;20991
291185;13076
291190;24496
291200;9427
291210;22014
291220;19346
291230;16162
291240;18097
291250;14856
291260;4043
291270;23343
291280;8581
291290;1576
291300;16272
291310;1715
291320;26846
291330;6194
291340;1563
291345;13367
291350;26868
291360;164844
291370;39499
291380;14625
291390;45823
291400;59763
291410;9817
291420;7243
291430;8893
291440;24942
291450;28892
291460;72386
291465;30413
291470;64325
291480;21274
291490;27891
291500;15999
291510;12462
291520;14712
291530;6914
291535;14311
291540;677
291550;20587
291560;64521
291570;8069
291580;23358
291590;6445
291600;19499
291610;22114
291620;9008
291630;10306
291640;7547
291650;35256
291660;10328
291670;8288
291680;19646
291685;14432
291690;12624
291700;36063
291710;20375
291720;18889
291730;28457
291733;10969
291735;8496
291740;14834
291750;80394
291760;54163
291770;33385
291780;18588
291790;10691
291800;1558
291810;40232
291820;14516
291830;1154
291835;24964
291840;215183
291845;9272
291850;15307
291855;5902
291860;6406
291870;3757
291875;15555
291880;23638
291890;3934
291900;3808
291905;8546
291910;843
291915;2717
291920;195095
291930;11315
291940;12406
291950;45388
291955;84753
291960;11364
291970;18592
291980;49474
291990;7862
291992;20737
291995;3577
292000;10016
292010;18753
292020;1683
292030;843
292040;13397
292045;13546
292050;21295
292060;44555
292070;20518
292080;10434
292090;13931
292100;46014
292105;12116
292110;22659
292120;26159
292130;11009
292140;18195
292145;8844
292150;49565
292160;8542
292170;35383
292180;12031
292190;9244
292200;41221
292205;11114
292210;26575
292220;7399
292225;1128
292230;29387
292240;22156
292250;28451
292260;13914
292265;13095
292270;16451
292273;7802
292275;6631
292280;8172
292285;9115
292290;24493
292300;4295
292303;12241
292305;1538
292310;28152
292320;21838
292330;8557
292335;17389
292340;21703
292350;8961
292360;21518
292370;31853
292380;28956
292390;9981
292400;117014
292405;13601
292410;7298
292420;17486
292430;17269
292440;34486
292450;16234
292460;20204
292465;10482
292467;10007
292470;10952
292480;24538
292490;9272
292500;26092
292510;46862
292520;39045
292525;15012
292530;146625
292540;7549
292550;28152
292560;15121
292570;12505
292575;27422
292580;25445
292590;27533
292593;899
292595;2261
292600;412
292610;14295
292620;22343
292630;33403
292640;3524
292650;14843
292660;52956
292665;6304
292670;13048
292680;15289
292690;11645
292700;40475
292710;9213
292720;30767
292730;15463
292740;2857329
292750;20694
292760;14088
292770;27626
292780;6354
292790;10656
292805;12751
292810;3992
292840;28192
292850;10345
292800;37158
292820;26517
292830;892
292860;59512
292870;100605
292880;52413
292890;33193
292895;9042
292910;21069
292900;14717
292905;1531
292920;39338
292925;18798
292930;37139
292935;571
292937;10417
292940;11645
292950;44164
292960;17387
292970;19644
292975;11978
292980;12883
292990;43941
293000;11351
293010;78588
293020;40703
293015;31532
293030;17452
293040;15064
293050;80411
293060;13347
293070;132906
293075;12965
293076;10316
293077;22806
293080;16905
293090;12517
293100;20416
293105;17285
293110;7909
293120;20889
293130;17046
293135;158445
293140;7493
293150;22479
293160;1486
293170;12965
293180;16608
293190;50568
293200;24486
293210;19914
293220;19275
293230;26795
293240;13884
293245;19034
293250;19484
293260;16651
293270;2063
293280;19098
293290;95858
293300;2813
293305;14087
293310;913
293315;12772
293317;8895
293320;42706
293325;6258
293330;338885
293340;9347
293345;12299
293350;21228
293360;4644
230010;11663
230015;16639
230020;62557
230030;53931
230040;17303
230050;11529
230060;7521
230070;17096
230075;43131
230080;7328
230090;14814
230100;79563
230110;74084
230120;26455
230125;10901
230130;2155
230140;11346
230150;7836
230160;23417
230170;24699
230180;6272
230185;18151
230190;60155
230195;21104
230200;22593
230205;14989
230210;35575
230220;53421
230230;32593
230240;5444
230250;49109
230260;63408
230270;27409
230280;78049
230290;17793
230300;22427
230310;18802
230320;27095
230330;1895
230340;17747
230350;71499
230360;20562
230365;10437
230370;363982
230380;25249
230390;13047
230393;13476
230395;19345
230400;23258
230410;74982
230420;131372
230423;17994
230425;24131
230426;9585
230427;7211
230428;5288
230430;18882
230435;24169
230440;2643247
230445;16357
230450;13758
230460;6956
230465;15423
230470;54729
230480;4469
230490;11076
230495;26472
230500;39713
230510;3595
230520;20352
230523;66114
230526;13317
230530;24995
230533;12419
230535;19804
230540;67972
230550;103255
230560;26168
230565;11587
230570;12439
230580;41873
230590;38205
230600;14227
230610;24003
230620;7787
230625;39518
230630;5224
230640;128135
230650;20133
230655;41445
230660;20786
230670;18102
230680;11359
230690;34729
230700;33967
230710;27284
230720;7902
230725;19587
230730;271926
230740;24773
230750;31584
230760;59278
230763;19906
230765;226128
230770;127098
230780;27127
230790;11143
230800;38424
230810;46854
230820;1503
230830;28466
230835;13241
230837;13669
230840;35662
230850;4406
230860;17167
230870;62069
230880;8689
230890;22354
230900;14485
230910;12892
230920;1552
230930;32262
230940;28557
230945;25557
230950;21471
230960;71193
230970;83157
230980;12046
230990;6246
231000;9348
231010;13214
231020;34097
231025;327
231030;31398
231040;11664
231050;4316
231060;901
231070;37326
231080;16281
231085;20748
231090;16827
231095;10853
231100;12334
231110;15047
231120;10986
231123;64
231126;21
231130;87116
231135;14986
231140;79081
231150;22008
231160;27633
231170;18945
231180;76884
231190;15808
231195;16435
231220;43695
231200;32216
231210;17622
231230;46949
231240;48516
231250;7691
231260;12938
231270;26664
231280;7553
231290;206644
231300;18291
231310;30695
231320;25731
231325;8926
231330;58517
231335;18998
231340;7514
231350;55535
231355;16015
231360;3453
231370;7729
231375;19811
231380;21725
231390;13763
231395;18368
231400;40704
231410;60355
530010;2974703
320010;3072
320016;11131
320013;9653
320020;30568
320030;14566
320035;7798
320040;28736
320050;758
320060;99305
320070;11765
320080;30862
320090;44315
320100;14982
320110;991
320115;12381
320120;207324
320130;378603
320140;37317
320150;12158
320160;30849
320170;12638
320180;4338
320190;33711
320200;6727
320210;23014
320220;21061
320225;12535
320230;30607
320240;122982
320245;25732
320250;12365
320255;8919
320260;13745
320265;13226
320270;14109
320280;34032
320290;10619
320300;2903
320305;29904
320310;11744
320313;16614
320316;10961
320320;170364
320330;15194
320332;38108
320334;16464
320335;127
320340;26191
320350;1877
320360;5552
320370;17613
320380;1537
320390;4978
320400;23059
320405;25982
320410;26763
320420;21363
320425;7784
320430;11488
320435;19009
320440;11618
320450;123
320455;39849
320460;23392
320465;8589
320470;37361
320480;10566
320490;128542
320495;12318
320500;507598
320501;29449
320503;21207
320506;248
320510;76954
320515;9171
320517;14087
320520;486208
320530;358267
520005;8583
520010;19614
520013;22182
520015;2517
520017;5676
520020;1872
520025;20707
520030;27288
520050;2005
520055;6218
520060;7558
520080;8614
520082;3778
520085;6057
520090;3185
520110;38197
520120;1137
520130;21717
520140;565957
520145;2474
520150;4163
520160;356
520170;19959
520180;10116
520215;7756
520235;2689
520250;9635
520260;3184
520280;2425
520310;4992
520320;10922
520330;29448
520340;8813
520350;24776
520355;9488
520357;4316
520360;3659
520380;5761
520390;9433
520393;2501
520396;3302
520400;7939
520410;12297
520420;1361
520425;8102
520430;15743
520440;18715
520450;89087
520455;3759
520460;361
520465;3649
520470;12486
520480;7437
520485;7636
520490;19764
520495;2459
520500;9976
520505;3464
520510;106618
520520;5038
520530;9693
520540;22074
520545;8507
520547;9842
520549;69829
520551;19971
520552;3404
520570;2364
520580;1105
520590;9574
520620;57759
520630;2968
520640;16852
520650;35
520660;2871
520670;3315
520680;2923
520690;2094
520710;2488
520830;483
520725;7398
520735;371
520740;12276
520750;3286
520753;6678
520760;5722
520780;13131
520790;161
520800;119506
520810;4325
520815;3753
520840;11239
520850;5574
520860;69072
520870;1495705
520880;4326
520890;22916
520910;33986
520915;5806
520920;14211
520929;2041
520940;394
520945;1852
520960;3714
520970;21278
520980;3622
520990;13808
520993;6152
520995;15431
521000;52465
521010;26792
521015;2893
521020;31563
521030;2815
521040;42163
521056;4668
521060;5269
521080;4605
521090;22533
521100;5316
521120;25856
521130;7097
521140;8916
521150;103652
521160;2406
521170;6073
521180;49667
521190;99674
521200;2898
521205;2474
521210;7372
521220;18587
521225;1555
521230;7643
521250;205023
521260;2373
521270;868
521280;9646
521290;2223
521295;4366
521300;13829
521305;2612
521308;29353
521310;6542
521340;1557
521350;8527
521370;8063
521375;13115
521377;4449
521380;45716
521385;2264
521390;4377
521400;15444
521405;5066
521410;3793
521440;9022
521450;29293
521460;46039
521470;2346
521480;2199
521483;12791
521486;8218
521487;2923
521490;3293
521500;9684
521520;2985
521523;113679
521525;4445
521530;15502
521540;3797
521550;6549
521560;33228
521565;346
521570;28313
521580;238
521590;3589
521600;2627
521630;9972
521640;10995
521645;3116
521680;10301
521690;2314
521710;24499
521720;10501
521730;24749
521740;31225
521760;89181
521770;17777
521800;45151
521805;383
521810;4
521830;36375
521839;3243
521850;49416
521860;10896
521870;4784
521878;4371
521880;229651
521890;19815
521900;7642
521910;6485
521920;2892
521925;5393
521930;38485
521935;3803
521940;8573
521945;3331
521950;2388
521960;3431
521970;8931
521971;4787
521973;6123
521975;73636
521980;12791
521990;626
522000;13387
522005;1417
522010;3347
522015;5117
522020;22067
522026;4032
522028;2035
522040;20297
522045;112224
522050;8445
522060;20573
522068;6832
522070;2977
522100;3537
522108;3416
522119;7897
522130;2837
522140;125328
522145;3501
522150;4633
522155;5195
522157;2868
522160;40217
522170;13868
522180;3078
522185;164723
522190;3816
522200;13746
522205;8611
522220;6026
522230;5758
210005;111757
210010;6469
210015;12488
210020;22083
210030;26302
210040;8066
210043;26839
210047;31894
210050;11168
210055;6918
210060;41136
210070;26614
210080;15566
210083;17063
210087;15297
210090;46103
210095;32637
210100;29764
210110;12076
210120;104633
210125;16855
210130;18508
210135;5617
210140;93826
210150;18714
210160;87794
210170;61828
210177;11138
210173;7409
210180;5627
210190;2126
210193;6011
210197;9158
210200;41435
210203;33479
210207;16148
210210;36139
210215;9367
210220;28557
210230;23827
210232;71723
210235;15393
210237;9382
210240;11136
210250;19307
210255;14294
210260;20076
210270;21872
210275;10932
210280;24337
210290;23658
210300;164224
210310;10657
210312;8604
210315;13243
210317;21399
210320;79145
210325;14617
210330;122597
210340;49246
210350;41042
210355;16072
210360;65044
210370;32765
210375;12901
210380;23328
210390;11296
210400;17379
210405;41355
210407;8481
210408;10258
210409;18917
210410;12615
210420;15536
210430;11672
210440;17924
210450;10793
210455;18068
210460;16772
210462;7772
210465;10211
210467;25616
210470;6263
210480;68876
210490;12063
210500;28498
210510;26953
210515;14026
210520;11252
210530;258016
210535;15897
210540;67673
210542;25932
210545;9993
210547;16432
210550;23696
210560;16136
210565;3506
210570;49911
210580;10808
210594;8889
210590;16199
210592;11235
210596;1132
210598;7496
210600;11867
210610;12098
210620;6917
210630;1962
210632;21201
210635;781
210637;16013
210640;16679
210650;23256
210660;33615
210663;16451
210667;8445
210670;21
210675;28001
210680;14913
210690;33201
210700;9209
210710;19292
210720;14264
210725;534
210730;4683
210735;20774
210740;19448
210745;14563
210750;120621
210760;19661
210770;2129
210780;34805
210790;18898
210800;19358
210805;15901
210810;21015
210820;39267
210825;2493
210830;38203
210840;14291
210845;23025
210850;32815
210860;8299
210870;21594
210880;18527
210890;18157
210900;23675
210905;5995
210910;47567
210920;12629
210923;6959
210927;18764
210930;11124
210940;15197
210945;30337
210950;20243
210955;7755
210960;42482
210970;5663
210975;7719
210980;4177
210990;8859
211000;7244
211003;25134
211010;25519
211020;37404
211023;13223
211027;15654
211030;14534
211040;18608
211050;44811
211060;28343
211065;7363
211070;34368
211080;4609
211085;11652
211090;12201
211100;20629
211102;15828
211105;11162
211107;18438
211110;2586
211120;176321
211125;7642
211130;1094667
211140;18988
211150;4135
211153;12645
211157;4651
211160;18755
211163;5345
211167;6649
211170;22142
211172;1373
211174;11067
211176;14367
211178;10206
211180;18001
211190;10639
211195;5645
211200;8459
211210;29064
211220;167973
211223;21885
211227;5826
211230;41621
211240;35497
211245;25365
211250;58311
211260;32775
211270;55841
211280;52229
211285;13183
211290;32664
211300;31525
211400;51471
310010;6972
310020;23223
310030;13465
310040;3994
310050;9575
310060;136
310070;2005
310080;4448
310090;19166
310100;13477
310110;25193
310120;6032
310130;2683
310140;3003
310150;35321
310160;79481
310163;6831
310170;41642
310180;7411
310190;19745
310200;14414
310205;5799
315350;8333
310210;11146
310220;3973
310230;15239
310240;3606
310250;4751
310260;40747
310280;12242
310285;8481
310290;11432
310300;9363
310310;1609
310320;2341
310330;2066
310340;36705
310350;116691
310360;2804
310370;8425
310375;6804
310380;2833
310390;9142
310400;105083
310410;10657
310420;39793
310430;14955
310440;2751
310445;5191
310450;17888
310460;14085
310470;13064
310480;4888
310490;19094
310500;7851
310510;23757
310520;4825
310530;5713
310540;32319
310550;5443
310560;136392
310570;525
310590;2072
310600;10248
310610;3433
310620;2501576
310630;26396
310640;771
310650;11995
310665;4705
310660;4602
310670;432575
310680;343
310690;14431
310700;2532
310710;40031
310720;5091
310730;49942
310740;50166
310750;6489
310760;419
310770;6031
310780;1501
310790;10558
310800;17598
310810;6876
310820;5544
310825;11088
310830;19202
310840;14995
310850;635
310870;4374
310855;16321
310860;32288
310880;4835
310890;14508
310900;3952
310910;1101
310920;10377
310925;4074
310930;24663
310940;27988
310945;6909
310950;14075
310960;3616
310970;11514
310270;9382
310980;2677
310990;11495
311000;44377
311010;545
311020;4002
311030;14417
311040;2934
311050;21738
311060;29278
311070;12816
311080;3711
311090;16565
311100;21056
311110;19738
311115;381
311120;53866
311130;11658
311140;8029
311150;15356
311160;28703
311190;5612
311170;4579
311180;12025
311200;14883
311205;4498
311210;5424
311220;4673
311230;37856
311240;6952
311250;9679
311260;16109
311265;542
311270;15153
311280;8601
311290;9287
311300;23586
311310;32
311320;25327
311330;32988
311340;91503
311350;9396
311360;6721
311370;19007
311380;2617
311390;12158
311400;11439
311410;14769
311420;22257
311430;30324
311440;2118
311450;19144
311455;9986
311460;4044
311470;356
311480;4495
311490;226
311500;3057
311510;17739
311530;74691
311535;533
311540;3629
311545;6366
311547;5008
311550;21703
311560;1171
311570;7017
311580;10425
311590;3121
311600;5709
311610;15368
311615;13397
311620;2702
311630;6774
311640;481
311650;759
311660;28366
311670;7517
311680;8907
311690;3103
311700;709
311710;10261
311520;3962
311730;27425
311720;2811
311740;457
311750;17641
311760;548
311770;1359
311780;11525
311783;7595
311787;6657
311790;11813
311800;54196
311810;5044
311820;6908
311830;127539
311840;22892
311850;1782
311860;65907
311870;9191
311880;26592
311890;8883
311900;3534
311910;23797
311920;1004
311930;27982
311940;109405
311950;9228
311960;308
311970;3426
311980;3241
311990;3714
311995;629
312000;2814
312010;4396
312015;6646
312020;1266
312030;596
312040;5145
312050;10258
312060;5014
312070;4134
312080;15358
312083;496
312087;7656
312090;79625
312100;5399
312110;8035
312120;7098
312125;10291
312130;4996
312140;7232
312150;2919
312160;47617
312170;3814
312180;7852
312190;3411
312200;19884
312210;4984
312220;7527
312230;235977
312235;6702
312240;5996
312245;1082
312247;3699
312250;5097
312260;4482
312270;5243
312280;3007
312290;6523
312300;10081
312310;5185
312320;13541
312330;4289
312340;1521
312350;1905
312352;7811
312360;27823
312370;11064
312380;7244
312385;5362
312390;15214
312400;18829
312410;702
312420;24773
312430;31624
312440;4673
312450;11321
312460;2361
312470;3508
312480;7936
312490;11218
312500;3904
312510;35474
312520;2379
312530;3262
312540;4804
312560;7409
312570;15235
312580;3394
312590;9949
312595;10957
312600;7386
312610;6754
312620;9431
312630;4387
312640;2927
312650;10343
312660;5187
312670;26181
312675;5446
312680;5891
312690;9555
312695;3469
312700;17701
312705;4601
312707;5441
312710;58962
312720;4304
312730;6844
312733;5122
312735;3136
312737;3328
312738;394
312740;4345
312750;6145
312760;11833
312770;278685
312780;15779
312790;1389
312800;34057
312810;14233
312820;10333
312825;4954
312830;19025
312840;8903
312850;3818
312860;6591
312870;5175
312880;7105
312890;7971
312900;8442
312910;5704
312920;6524
312930;10867
312940;5033
312950;25035
312960;8351
312965;5975
312970;13687
312980;179015
312990;3483
313000;2982
313005;11879
313010;42246
313020;10709
313030;7971
313040;6488
313050;12303
313055;6865
313060;7297
313065;7363
313070;6829
313080;2757
313090;24204
313100;6228
313110;7467
313115;18438
313120;19717
313130;261344
313140;4217
313150;10039
313160;6944
313170;119186
313180;11446
313190;51281
313200;5353
313210;18142
313220;13278
313230;12681
313240;96389
313250;34527
313260;4333
313270;23212
313280;2107
313290;10229
313300;1544
313310;15236
313320;12212
313330;21096
313340;15102
313350;21763
313360;9682
313370;11037
313375;16014
313380;92561
313390;547
313400;14956
313410;6039
313420;104067
313430;6048
313440;38822
313450;3809
313460;19858
313470;12329
313480;7681
313490;25684
313500;3124
313505;38413
313507;5378
313510;71265
313520;67628
313530;4314
313535;8556
313540;4973
313545;7645
313550;1246
313560;7597
313570;5215
313580;25305
313590;4795
313600;1541
313610;4674
313620;79387
313630;48561
313640;4662
313650;1078
313652;4516
313655;4938
313657;4844
313665;26484
313670;56431
313680;4316
313690;10441
313695;5733
313700;18026
313710;7627
313720;51601
313730;4124
313740;12953
313750;17991
313753;9454
313760;63359
313770;19928
313780;20719
313790;3404
313800;6786
313810;6522
313820;102728
313830;3233
313835;4915
313840;52532
313850;5109
313860;16671
313862;7481
313865;9008
313867;6275
313868;668
313870;5454
313880;18172
313890;711
313900;41844
313910;5087
313920;187
313925;6532
313930;18594
313940;89256
313950;22608
313960;2764
313980;12725
313970;7904
313990;14136
314000;60142
314010;4134
314015;15207
314020;2959
314030;4044
314040;2784
314050;1333
314053;8299
314055;8526
314060;4482
314070;30798
317150;3227
314080;14385
314085;1105
314090;18808
314100;12508
314110;37473
314120;3758
314130;3771
314140;20882
314150;6446
314160;1072
314170;5666
314180;31471
314190;3896
314200;13557
314210;10721
314220;14913
314225;4861
314230;4904
314240;7479
314250;224
314260;8648
314270;15012
314280;20999
314290;21017
314300;1318
314310;47682
314315;4889
314320;21534
314340;23569
314330;404804
314345;818
314350;8815
314360;2488
314370;3211
314380;6065
314390;108113
314400;26997
314410;20594
314420;3219
314430;40839
314435;6939
314437;3314
314440;4731
314450;8555
314460;26709
314465;10263
314467;3255
314470;17607
314480;93577
314490;3627
314500;1528
314505;7504
314510;1661
314520;9977
313660;5718
314530;31326
314535;10731
314537;5273
314540;1775
314545;6018
314550;2765
314560;41529
314570;2136
314580;3144
314585;4647
314587;7954
314590;39121
314600;33481
314610;73994
314620;5954
314625;6332
314630;20052
314655;6084
314640;451
314650;827
314660;1535
314670;6621
314675;5671
314690;15543
314710;93101
314700;9243
314720;21418
314730;2094
314740;24375
314760;16294
314770;8112
314780;2048
314750;1664
314790;113998
314795;5942
314800;150833
314810;90041
314820;5652
314830;9557
314840;4849
314850;8481
314860;17545
314870;24319
314875;7065
314880;31
314890;3969
314900;2475
314910;11246
314915;11453
314920;3626
314930;63789
314940;1808
314950;331
314960;4379
314970;11249
314980;16009
314990;21291
314995;6847
315000;4246
315010;2763
315015;8426
315020;414
315030;4528
315040;4955
315050;8631
315053;4894
315057;749
315060;6421
315070;6044
315080;17618
315090;5455
315100;855
315110;10731
315120;56208
315130;10816
315140;27755
315150;34456
315160;11968
315170;16734
315180;166111
315190;8508
315200;31583
315210;59605
315213;4237
315217;12061
315220;3795
315230;11208
315240;16491
315250;148862
315260;5981
315270;8979
315280;27688
315290;8642
315300;3573
315310;5398
315320;3676
315330;3004
315340;19377
315360;10629
315370;3542
315380;1934
315390;16277
315400;23814
315410;10514
315415;7105
315420;11459
315430;17398
315440;4798
315445;8138
315450;9487
315460;331045
315470;4019
315480;10203
315490;13659
315510;5167
315500;2599
315520;5549
315530;5783
315540;8941
315550;12291
315560;30779
315570;14346
315580;17858
315590;5467
315600;12957
315610;4648
315620;2289
315630;7991
315640;3547
315645;4566
315650;6198
315660;10226
315670;135421
315680;15525
315690;25989
315700;41349
315710;7007
315720;30807
315725;8113
315727;3117
315730;4454
315733;8541
315737;4177
315740;4793
315750;4438
315760;3866
315765;6345
315770;13743
315780;218147
315790;16111
315800;10836
315810;5248
315820;1462
315920;8974
315940;3449
315930;4905
315935;7155
315950;5522
315960;42751
315970;3343
315980;19608
315830;7128
315840;3853
315850;7696
315860;3971
315870;2438
315880;4807
315890;8681
315895;33934
315900;4274
315910;3789
315990;18434
316000;3602
316010;3937
316020;3877
316030;11677
316040;28054
316045;7256
316050;177
316060;3109
316070;46555
316080;522
316090;3721
316095;563
316100;17393
316105;3377
316110;56163
316120;6535
316130;62
316140;4889
316150;12164
316160;4015
316165;3963
316170;6923
316180;12218
316190;10818
312550;3161
316200;25332
316210;35145
316220;7407
316225;4896
316230;2753
316240;25235
316245;12899
316250;89653
316255;1144
316257;5798
316260;7553
316265;4389
316270;23524
316280;15781
316290;26272
316292;30989
316294;7371
316295;23385
316300;4255
316310;4927
316320;4183
316330;3865
316340;5454
316350;6477
316360;2775
316370;45488
316380;6933
316390;4709
316410;5291
316400;7858
316420;12139
316430;7026
316440;5455
316443;2991
316447;6479
316450;10129
316460;6684
316470;7045
316480;152
316490;2231
316520;7056
316500;10922
316510;7042
316530;7687
316540;6869
316550;6236
316553;32069
316556;2661
316557;5352
316560;2007
316570;7764
316580;1545
316590;4209
316600;5786
316610;3527
316620;10451
316630;7319
316640;1848
316650;4293
316660;786
316680;11493
316670;8685
316690;767
316695;4752
316700;197
316710;20993
316720;237286
316555;12134
316730;2258
316740;6227
316750;2612
316760;19528
316770;5594
316780;6112
316790;3792
316800;33858
316805;3119
316810;4711
316820;1879
316830;4055
316840;1435
316850;1165
316860;140235
316870;8909
316880;7886
316890;6539
316900;16602
316905;4093
316910;6217
316920;8201
316930;78913
316935;31984
316940;56546
316950;6698
316960;25253
316970;19797
316980;5008
316990;114265
317000;12466
317005;12449
317010;330361
317020;683247
317030;2626
317040;83808
317043;4325
317047;3267
317050;10371
317052;16547
317057;6491
317060;2158
317065;4987
317070;134477
317075;7071
317080;39173
317090;19335
317100;20537
317103;9265
317107;5712
317110;3951
317115;4832
317120;125376
317130;78286
317140;3629
317160;13764
317170;8685
317180;10537
317190;542
317200;42149
317210;5243
317220;2558
500020;15257
500025;5268
500060;38958
500070;25128
500080;8993
500085;1062
500090;8891
500100;25431
500110;47784
500124;11963
500150;6829
500190;22717
500200;11305
500210;24508
500215;7817
500220;21738
500230;11891
500240;29743
500260;13727
500270;885711
500280;6049
500290;21876
500295;24559
500310;5839
500315;15152
500320;110806
500325;20496
500330;33516
500345;12868
500348;11239
500350;5889
500370;220965
500375;12305
500380;19234
500390;3044
500400;9981
500410;9968
500430;15977
500440;7625
500450;23886
500460;20905
500470;2314
500480;8976
500490;7108
500500;25967
500510;4034
500515;6638
500520;22968
500525;7267
500540;45932
500560;27795
500568;18256
500570;54051
500580;14085
500600;213
500620;53517
500625;3947
500627;5455
500630;4201
500635;14048
500640;7666
500660;91082
500690;17078
500710;24258
500720;3683
500730;4819
500740;19682
500750;5403
500755;7801
500769;26363
500780;6515
500770;10812
500790;56081
500793;18828
500795;11427
500797;3583
500800;21311
500830;119465
500840;6067
510010;5424
510020;25229
510025;51615
510030;18703
510035;6659
510040;11868
510050;11238
510060;10557
510080;9979
510100;3119
510120;956
510125;1669
510130;9714
510140;21987
510160;8563
510170;34619
510180;60661
510185;6452
510190;19248
510250;93882
510260;1583
510263;34558
510267;42871
510268;671
510269;4761
510270;21311
510279;10413
510285;8695
510300;19588
510305;12052
510310;5691
510320;33224
510325;3728
510330;20513
510335;30347
510336;3973
510337;19254
510340;607153
510343;5192
510345;9377
510350;21904
510360;8199
510370;13857
510380;3537
510385;7513
510390;5487
510395;3045
510410;35497
510420;15035
510450;2725
510452;7395
510454;6587
510455;3901
510460;13163
510480;27628
510490;8366
510500;9006
510510;34815
510515;40905
510517;1537
510520;11275
510523;6059
510525;63411
510530;2099
510558;107
510560;16334
510562;27536
510590;15338
510600;6056
510610;13231
510615;14909
510620;3928
510621;12739
510880;4578
510618;6526
510885;3249
510890;8428
510895;9078
510622;43919
510617;3765
510623;20034
510619;3699
510624;11694
510625;21231
510627;3985
510626;899
510631;2574
510628;5199
510629;11193
510630;22246
510637;17456
510642;34607
510645;2676
510650;32768
510665;6578
510670;1602
510675;45093
510677;12347
510680;5429
510682;11935
510685;305
510700;16421
510704;61038
510706;17014
510715;2721
510718;10081
510719;2388
510720;5159
510757;3966
510760;228857
510770;17237
510775;3437
510724;4486
510774;2495
510776;333
510777;8281
510726;3136
510779;5023
510780;16433
510785;11615
510729;4021
510730;20312
510735;5569
510710;18967
510740;4674
510787;25054
510788;1622
510790;139935
510792;87815
510794;9565
510795;101764
510800;13359
510805;9862
510810;3786
510820;3672
510830;3562
510835;3128
510840;282009
510850;11216
510550;15983
510860;2557
150010;156292
150013;7382
150020;55513
150030;38863
150034;27241
150040;5648
150050;34142
150060;113195
150070;28859
150080;525566
150085;27161
150090;45516
150095;30896
150100;16371
150110;30009
150120;46416
150125;331
150130;122294
150140;1485732
150145;17624
150150;61689
150157;16841
150160;16038
150170;126436
150172;1519
150175;7392
150178;64738
150180;101891
150190;28832
150200;23466
150195;33178
150210;13639
150215;3605
150220;68616
150230;54179
150240;198294
150250;23482
150260;1204
150270;47734
150275;32847
150276;13179
150277;18014
150280;33893
150285;14197
150290;3954
150293;58956
150295;33674
150300;7319
150304;2008
150307;2602
150309;39857
150310;32991
150320;38588
150330;62355
150340;11559
150345;62455
150350;32504
150360;101097
150370;53182
150375;8899
150380;58457
150390;56908
150400;28583
150405;29917
150410;8523
150420;275086
150430;29429
150440;2822
150442;129321
150445;31213
150450;27415
150460;30736
150470;80988
150475;15982
150480;579
150490;39783
150495;21291
150497;16499
150500;15218
150503;25758
150506;74602
150510;51964
150520;32168
150530;7216
150540;17721
150543;32319
150548;46986
150549;7596
150550;111764
150553;202882
150555;5557
150560;8073
150563;12983
150565;30293
150570;30608
150580;61126
150590;40458
150600;29886
150610;10792
150611;13512
150613;83997
150616;18186
150618;51903
150619;49503
150620;40424
150630;23424
150635;20704
150640;9939
150650;69746
150655;19852
150658;21042
150660;24725
150670;71187
150680;302667
150690;6664
150700;31038
150710;1797
150715;25358
150720;31837
150730;124763
150740;15833
150745;24991
150746;6059
150747;22842
150750;1394
150760;58328
150770;26301
150775;5849
150780;11839
150790;25181
150795;103664
150796;11591
150797;18619
150800;62854
150803;30656
150805;18807
150808;39059
150810;112148
150812;57632
150815;45517
150820;53191
150830;61049
150835;14987
150840;4441
250010;10161
250020;5571
250030;28623
250040;20589
250050;14367
250053;5473
250057;2488
250060;19391
250073;2227
250077;8337
250080;17079
250090;13438
250100;20215
250110;22978
250115;214
250120;6935
250130;1919
250135;387
250140;8933
250150;2121
250153;4831
250160;15268
250157;8249
250170;5939
250180;9655
250190;1764
250200;7335
250205;3393
250210;5423
250215;6972
250220;2547
250230;4994
250240;11797
250250;17751
250270;5395
250280;13993
250290;6433
250300;21698
250310;5503
250320;6668
250330;10182
250340;3729
250350;17159
250355;7145
250360;7292
250370;61776
250375;3181
250380;5982
250390;5994
250400;407472
250403;6424
250407;414
250410;2631
250415;7431
250420;4929
250430;30343
250435;4807
250440;18904
250450;6649
250460;24323
250470;4785
250480;15423
250485;1907
250490;17366
250500;7763
250510;20343
250523;6349
250520;6823
250527;5242
250530;2521
250535;5289
250540;8279
250560;6575
250570;10429
250580;361
250590;3505
250600;33003
250610;11355
250620;299
250625;8448
250630;58492
250640;14131
250650;3403
250660;5956
250260;6186
250670;1179
250680;18101
250690;24537
250700;24653
250710;18501
250720;10801
250730;14349
250740;7732
250750;800323
251365;2685
250760;7896
250770;18041
250780;7104
250790;10717
250800;9886
250810;4679
250820;7643
250830;27385
250840;2749
250850;7371
250855;4294
250860;12944
250870;402
250880;5766
250890;44657
250900;11092
250905;846
250910;21808
250915;6565
250920;13742
250930;8327
250933;4516
250937;2889
250939;6506
250940;13308
250950;5598
250960;4789
250970;33007
250980;9878
250990;10458
251000;7312
251010;10651
251020;5978
251030;484
251040;6592
251050;3912
251060;3033
251065;1786
251070;2402
251080;106984
251090;1226
251100;38
251110;7766
251120;28389
251272;6064
251130;16038
251140;18706
251150;11855
251160;668
251170;5105
251180;10572
251190;18904
251200;18429
251203;3777
251207;4276
251210;32749
251220;4141
251230;23215
251240;1363
251250;43917
251260;1929
251270;1934
251274;3564
251275;45
251276;4477
251278;1951
251280;8587
251290;24088
251300;3919
251310;12149
251315;6574
251320;6585
251330;5907
251335;3597
251340;15336
251370;135807
251380;4585
251350;5198
251360;7077
251385;2532
251392;4492
251390;33796
251396;3087
251394;2581
251398;3371
251400;4313
250070;17941
251410;443
251420;768
251430;6255
251440;4665
251450;20053
251455;3908
251460;3526
251465;1791
251470;4134
251480;3723
251445;5915
251490;7745
251500;7124
251510;11753
251520;3466
251540;10728
251530;52443
251550;1363
251560;3141
251570;3089
251580;7041
251590;6131
251593;4958
251597;7751
251600;26592
251610;14837
251615;3516
251620;69161
251630;16864
251640;10887
251650;15185
251660;14614
251670;15072
251675;3035
251680;9466
251690;153
251700;9902
251710;2779
251720;5323
250550;3773
251740;2225
260005;99622
260010;37111
260020;19456
260030;24702
260040;36454
260050;43195
260060;14554
260070;38375
260080;22959
260090;22788
260100;11072
260105;20312
260110;83964
260120;73844
260130;14257
260140;42552
260150;12023
260160;20728
260170;76185
260180;12671
260190;60714
260200;37909
260210;48336
260220;39132
260230;38152
260240;8999
260250;7486
260260;50249
260270;13119
260280;57825
260290;205112
260300;33934
260310;20258
260320;2857
260330;11089
260340;5753
260345;156736
260350;18627
260360;853
260370;24835
260380;20048
260390;19491
260392;12836
260400;82872
260410;356872
260415;14313
260420;42434
260430;11722
260440;13428
260450;21579
260460;26249
260470;18144
260480;12596
260490;11635
260500;24041
260510;36841
260515;18734
260520;68448
260530;31885
260540;22013
260545;3021
260550;14365
260560;22631
260570;32556
260580;15366
260590;3078
260600;138983
260610;30504
260620;79455
260630;7435
260640;83437
260650;19152
260660;29055
260670;7756
260680;11564
260690;12209
260760;25836
260700;2284
260710;4554
260720;94709
260730;30512
260740;4869
260750;2639
260765;36422
260770;1368
260775;26397
260780;16903
260790;697636
260795;11668
260800;1707
260805;1474
260810;33563
260820;16036
260825;11361
260830;14747
260840;15323
260850;21397
260845;17886
260860;13065
260870;16262
260875;25349
260880;39982
260890;56302
260900;25278
260910;15851
260915;21085
260920;11473
260930;15308
261430;1127
260940;62263
260950;32366
260960;391835
260970;23833
260980;14827
260990;68939
261000;62994
261010;7789
261020;26492
261030;11478
261040;21914
261050;28972
261060;56074
261070;329117
261080;22566
261090;67047
261100;36187
261110;343865
261120;11299
261130;27033
261140;14831
261150;25896
261153;6822
261160;1637834
261170;20443
261180;47209
261190;2344
261200;10103
261210;10768
261220;60604
261230;15823
261240;26026
261245;15236
261247;12531
261250;105936
261255;1439
261260;41759
261270;14048
261280;11764
261290;15717
261300;58956
261310;37119
261320;22686
261330;21314
261340;21004
261350;33895
261360;33789
261370;112362
261380;1795
261390;85774
261400;19133
261410;35761
261420;45359
261440;5993
261450;6452
261460;28371
261470;1289
261480;25417
261485;23149
261500;28416
261510;7139
261520;9983
261530;50956
261540;44254
261550;13724
261560;30222
261570;15265
261580;27052
261590;8192
261600;18298
261610;9514
261618;7666
261620;20503
261630;32513
261640;137915
261650;14691
220005;7065
220010;5148
220020;17349
220025;7636
220027;4912
220030;14268
220040;4044
220045;5392
220050;17592
220060;6792
220070;9818
220080;3158
220090;5844
220095;2551
220100;4735
220105;7828
220110;11252
220115;11497
220117;395
220120;46941
220130;3344
220140;7038
220150;26806
220155;3999
220157;3544
220160;10462
220170;5495
220173;62
220177;6744
220180;4496
220190;2496
220191;5608
220192;5654
220194;6388
220196;831
220198;3902
220200;19754
220202;8223
220205;1054
220207;3544
220208;7608
220209;577
220210;5603
220211;5019
220213;5919
220217;7245
220220;4677
220225;3957
220230;21112
220240;11388
220245;4086
220250;10866
220253;5845
220255;5049
220260;19715
220265;5395
220270;27725
220271;4881
220272;614
220273;4007
220275;6451
220277;7651
220280;4798
220285;4678
220290;26575
220300;8264
220310;10401
220320;11348
220323;4939
220327;5316
220325;4425
220330;13793
220335;6992
220340;6884
220345;9546
220342;4356
220350;1463
220360;49
220370;39621
220375;5295
220380;4464
220385;2556
220390;5984
220400;5349
220410;4373
220415;3166
220420;9262
220430;1159
220435;5424
220440;10686
220450;105
220455;4556
220460;3875
220465;9394
220470;15296
220480;9782
220490;8551
220500;11507
220510;1101
220515;5753
220520;19035
220525;4494
220527;4855
220530;4457
220535;301
220540;14332
220545;5419
220550;39072
220551;5472
220552;5614
220553;4748
220555;8504
220557;6738
220556;4653
220558;4052
220559;5154
220554;2831
220560;5307
220570;30177
220580;25467
220585;8276
220590;5348
220595;8439
220600;455
220605;6434
220610;10913
220620;33684
220630;125
220635;6617
220640;10565
220650;7729
220660;10611
220665;4533
220667;6781
220669;9105
220670;7356
220672;8536
220675;4847
220680;8661
220795;4365
220690;6575
220695;2979
220700;36971
220710;2449
220720;6862
220730;4132
220735;3375
220740;5051
220750;14488
220755;3953
220760;10762
220770;152653
220775;4302
220777;6377
220779;4023
220780;2049
220785;3685
220790;38704
220793;2529
220800;78002
220810;12115
220820;18389
220830;28703
220840;63694
220850;12526
220855;27
220860;3153
220865;8966
220870;8758
220880;17978
220885;4316
220887;4464
220890;7305
220900;6431
220910;6232
220915;4004
220920;6252
220930;5836
220937;5258
220935;4625
220940;6388
220945;2155
220950;3785
220955;4444
220960;2954
220965;5731
220970;6425
220975;3025
220980;4999
220985;4602
220987;6019
220990;6157
220995;4832
220997;7937
221000;20537
221005;5338
221010;375
221020;671
221030;6353
221035;4568
221037;2642
221038;2449
221039;304
221040;17686
221050;14255
221060;34535
221062;3488
221063;4286
221065;10024
221070;14615
221080;12663
221090;4576
221093;6692
221095;2908
221097;2756
221100;861442
221110;44396
221120;21457
221130;20906
221135;4956
221140;4397
221150;3075
221160;299
221170;4454
410010;7507
410020;5983
410030;9269
410040;117168
410045;2209
412862;2799
410060;14679
410070;9896
410050;21933
410080;11306
410090;6181
410100;18989
410105;2816
410110;20139
410115;2927
410120;19011
410130;7441
410140;133726
410150;121198
410160;27925
410165;3128
410170;13939
410180;14141
410185;2151
410190;15289
410200;33397
410210;26011
410220;3902
410230;12787
410240;31526
410250;11714
410270;2781
410260;10238
410275;3567
410280;15395
410290;16377
410300;4165
410302;2538
410304;6411
410305;7643
410310;12755
410315;3577
410320;6995
410322;3274
410330;6749
410335;5473
410337;2719
410340;2914
410345;17775
410347;408
410350;8533
410360;25252
410370;105704
410380;7813
410390;14366
410395;3917
410400;4288
410405;3905
410410;7894
410420;130091
410425;28885
410430;94212
410440;15233
410442;15903
410445;13306
410450;19099
410460;15724
410465;22993
410470;14283
410480;324476
410490;71151
410500;10213
410510;10891
410520;17725
410530;11709
410540;19343
410550;81393
410560;12503
410570;16671
410580;24084
410590;23879
410600;8777
410610;3843
410620;18326
410630;17024
410640;47847
410645;7475
410650;20892
410655;3313
410680;18675
410657;4264
410660;20917
410670;4489
410685;298
410690;1917185
410700;15003
410715;5239
410710;5146
410712;3454
410720;40234
410725;8621
410730;5976
412863;5609
410740;599
410750;1402
410753;4481
410752;1732
410754;4188
410755;3139
410760;17185
410765;98368
410770;4777
410773;569
410775;7845
410785;4645
410780;4953
410790;6695
410800;10646
410810;2679
410820;67
410830;258823
410845;4745
410832;6101
410840;89942
410850;13735
410855;2996
410860;28962
410865;717
410870;5742
410880;32923
410890;6553
410895;8664
410900;382
410910;2246
410920;5473
410930;12733
410940;180334
410950;7679
410960;36595
410965;5305
410970;31142
410975;6334
410980;5397
410990;8025
411000;4366
411005;2258
411007;12936
411010;32179
411020;11129
411030;3103
411040;4449
411050;15092
411060;14073
411065;2325
411070;60357
411080;10241
411090;4487
411095;10961
411100;6616
411110;6107
411120;11831
411125;28187
411130;2951
411140;13791
411150;32035
411155;8128
411160;3238
411170;5244
411180;39435
411190;13494
411200;34683
411210;21122
411220;54
411230;4995
411240;9349
411250;11465
411260;1343
411270;12536
411275;8495
411280;11803
411290;3315
411295;7391
411300;6983
411310;4154
411320;47909
411325;5921
411330;32006
411340;3984
411342;3391
411345;4762
411350;22927
411360;4755
411370;563943
411373;7285
411375;4845
411380;4894
411390;13595
411400;13252
411410;22531
411420;34281
411430;26411
411435;2639
411440;16787
411450;13494
411460;52379
411470;572
411480;3518
411490;8858
411500;7067
411510;10354
411520;41701
411530;6586
411535;5624
411540;14346
411545;4472
411550;4681
411560;17775
411570;34207
411573;334
411575;10397
411580;45812
411585;5493
411590;2231
411600;1816
411605;107
411610;12201
411620;16366
411630;3958
411640;4008
411650;1534
411660;3456
411670;1065
411680;555
411690;27821
411695;5063
411700;817
411705;11603
411710;13225
411720;5785
411725;10552
411721;422
411722;8171
411727;5856
411729;2848
411730;22327
411740;343
411745;5975
411750;40777
411760;50198
411770;33757
411780;13389
411790;31564
411800;13631
411810;11361
411820;153666
411830;3164
411840;87813
411845;5535
411850;81893
411860;5837
411870;7321
411880;13985
411885;6092
411890;11144
411900;6407
411910;12606
411915;130789
411925;2725
411920;6327
411930;32219
411940;25291
411950;111052
411960;30635
411965;3185
411970;4254
411980;13528
411990;348043
411995;26636
412000;13084
412010;4821
412015;3292
412020;2561
412030;4068
412033;3726
412035;5221
412040;526
412050;11114
412060;51961
412065;456
412070;742
412080;23199
412085;4
412090;33788
412100;1218
412110;464
412120;18873
412125;4426
412130;3832
412135;2682
412140;16894
412150;14851
412160;6818
412170;26602
412175;795
412180;10693
412190;13112
412200;15134
412210;3225
412215;13283
412217;4083
412220;32273
412230;33922
412240;65757
412250;10058
412260;9534
412265;4886
412270;676
412280;3679
412290;4973
412300;14695
412310;3385
412320;3376
412330;7849
412340;11885
412350;26206
412360;1624
412370;8603
412380;14521
412382;3834
412385;9824
412390;11829
412395;3944
412402;10182
412405;23224
412400;5031
412410;45728
412420;2656
412430;2144
412440;20069
412450;5431
412460;6834
412470;11213
412480;10303
412490;5874
412500;10386
412510;14996
412520;9074
412530;5559
412535;5698
412540;6254
412545;3682
412550;317476
412555;2158
412560;45806
412570;27325
412575;5976
412580;10915
412590;2338
412600;8847
412610;5693
412620;6751
412625;95543
412627;5459
412630;19267
412635;4513
412640;5355
412650;16323
412660;20778
412665;3033
412667;14548
412670;508
412680;16062
412690;5584
412700;12163
412710;78135
412720;16984
412730;16652
412740;17439
412750;20436
412760;16646
412770;138572
412780;8032
412785;12043
412788;8509
412790;8599
412795;8128
412796;1334
412800;21119
412810;11059
412820;57111
412830;2595
412840;11356
412853;11703
412855;859
412860;7342
412865;4023
412870;6817
412850;19444
412880;5728
330010;200407
330015;11612
330020;130439
330022;12471
330023;3324
330025;30096
330030;99969
330040;183976
330045;508614
330050;27269
330060;36985
330070;222528
330080;5856
330090;15496
330100;503424
330110;20177
330093;16039
330115;12826
330120;18755
330130;43295
330095;8544
330140;23064
330150;21806
330160;11454
330170;914383
330180;13929
330185;59613
330187;27762
330190;238695
330200;125913
330205;15113
330210;23247
330220;102626
330225;31537
330227;10396
330230;7386
330240;251631
330245;5574
330250;243657
330260;43689
330270;157789
330280;18578
330285;17562
330290;25493
330300;27195
330310;15324
330320;162269
330330;511786
330340;190084
330350;818875
330360;51815
330370;44045
330380;4263
330385;27678
330390;305687
330395;24941
330400;28999
330410;1873
330411;19381
330412;14165
330414;149265
330415;24246
330420;130334
330430;59814
330440;18451
330450;9222
330452;145989
330455;6688927
330460;10417
330470;42359
330480;38626
330475;42201
330490;1077687
330500;36138
330510;471888
330513;7134
330515;2167
330520;102846
330530;9326
330540;18205
330550;87704
330555;86743
330560;21773
330570;15577
330575;3387
330580;180886
330590;10611
330600;81453
330610;76163
330615;1089
330620;36702
330630;271998
240010;11152
240020;57644
240030;11041
240040;323
240050;13602
240060;4761
240070;14326
240080;11724
240090;7137
240100;35814
240110;27162
240120;14192
240130;9638
240140;9218
240145;27994
240150;4002
240160;5469
240165;225
240170;10152
240180;12609
240185;6537
240190;3652
240200;67554
240210;11142
240220;33999
240230;20443
240240;8119
240250;10651
240260;73099
240270;11178
240280;5508
240290;4908
240300;8014
240310;44664
240320;708
240330;5608
240340;6036
240350;10527
240360;28222
240370;5972
240375;3039
240380;9121
240390;2836
240400;4095
240410;2726
240420;2598
240430;12997
240440;10302
240450;15349
240460;13628
240470;15354
240480;2228
240485;7501
240490;5858
240500;9026
240510;6863
240520;5289
240530;10087
240540;5117
240550;2617
240560;1473
240570;12395
240580;34747
240590;2655
240600;5957
240610;18274
240615;3873
240620;6728
240630;7503
240640;2731
240650;15477
240660;8192
240670;11208
240680;4755
240690;3966
240700;10086
240710;79743
240720;31584
240725;3978
240730;8358
240740;8692
240750;12194
240760;4568
240770;11295
240780;22239
240790;2127
240800;294076
240810;87764
240820;2726
240830;37233
240840;4272
240850;4812
240860;4232
240870;3787
240880;5201
240890;21408
240325;255793
240910;13076
240920;3075
240930;12701
240940;30183
240950;3275
240960;2478
240970;678
240980;14767
240990;14984
241000;3806
241010;15294
241020;7827
241025;6765
241040;9516
241050;5067
241060;3194
241070;3543
241080;4209
241090;8034
240895;10789
241100;4472
241110;3608
241120;39355
240933;548
241140;12954
241142;267
241150;23988
241160;2778
241170;4401
241180;3573
241190;42
241200;101102
241210;6179
241220;4364
241230;12833
241240;4602
241250;2338
241255;9531
241260;17436
241270;6014
241280;8212
241290;11057
241300;6397
241310;6044
241320;4395
241030;10266
241330;5774
241335;1179
241340;8065
241350;6281
241355;4784
241360;2799
241370;5481
241380;2545
241390;12261
241400;15581
241410;10715
241415;5883
241105;4071
241420;13916
241430;2407
241440;33734
241445;3259
241450;10591
241460;14516
241470;5485
241475;4149
241480;12323
241490;1712
241500;3146
110001;23167
110037;13227
110040;20999
110034;14722
110002;106168
110045;38937
110003;5438
110060;619
110004;84813
110070;14009
110080;25983
110090;3119
110005;16444
110092;10886
110006;16227
110007;7567
110008;17855
110094;24226
110009;32047
110100;8095
110010;45783
110110;10272
110011;51933
110012;127907
110013;39097
110120;9762
110130;1108
110140;15695
110014;20459
110033;29757
110143;7047
110050;8751
110015;3634
110145;5947
110018;36434
110146;2191
110020;519531
110025;19409
110147;2939
110026;3723
110028;54702
110029;6781
110148;528
110149;19842
110032;22931
110150;1186
110155;4384
110160;10494
110170;11665
110175;11028
110180;6998
110030;97448
140005;15638
140002;12394
140010;375374
140015;12257
140017;17868
140020;21564
140023;995
140028;116
140030;17528
140040;11045
140045;1558
140047;29533
140050;8052
140060;786
140070;10325
430003;4858
430005;3753
430010;16524
430020;7063
430030;6077
430040;74173
430045;3559
430047;1979
430050;6458
430055;1663
430057;302
430060;209213
430063;6974
430064;7416
430066;1324
430070;6003
430080;13055
430085;36
430087;5622
430090;6283
430100;20637
430107;2921
430105;9842
430120;13332
430110;14123
430130;18351
430140;10425
430150;6706
430155;3573
430160;120943
430163;1376
430165;6139
430170;6627
430175;7454
430185;3238
430187;4202
430190;13423
430192;1726
430195;2527
430180;5295
430200;11216
430205;2031
430210;119049
430215;2104
430220;6712
430222;2473
430223;259
430225;2788
430230;11391
430235;13846
430237;1987
430240;12265
430245;7726
430250;6356
430258;2135
430260;3397
430265;5043
430270;20929
430280;33702
430290;12705
430300;82547
430310;129307
430320;5055
430330;4856
430340;4788
430350;66034
430355;2724
430360;6456
430367;338
430370;5553
430380;5471
430390;66156
430400;4596
430410;3345
430420;31306
430430;6246
430435;9519
430440;44489
430450;55871
430460;344957
430461;1729
430462;1668
430463;52004
430465;3602
430466;25297
430468;1181
430469;275
430467;4589
430471;8187
430470;61949
430480;29409
430485;1404
430490;901
430495;3189
430500;8851
430510;504069
430511;2905
430512;6136
430513;4676
430515;2327
430517;12058
430520;14074
430530;93
430535;40301
430537;3306
430540;3794
430543;6635
430544;5401
430545;15912
430550;4775
430558;2442
430560;3221
430570;6746
430580;9915
430583;1507
430585;2327
430587;2518
430590;7385
430593;1641
430595;3868
430597;2769
430600;13544
430605;795
430607;2851
430610;60693
430613;187
430620;1229
430630;4744
430632;2852
430635;2478
430637;3026
430640;32205
430642;2044
430645;3394
430650;15338
430660;38589
430655;2541
430670;3086
430673;4639
430675;1994
430676;40643
430680;2252
430690;25791
430692;1088
430695;2829
430693;8542
430697;2995
430700;105059
430705;3167
430720;4902
430730;704
430740;3277
430745;2969
430750;15584
430755;5976
430760;49345
430770;83121
430780;3382
430781;366
430783;2458
430786;2721
430790;7157
430800;669
430805;2346
430807;4455
430810;13451
430820;3043
430825;1796
430830;1037
430840;6715
430843;2424
430845;4356
430850;3112
430860;34684
430865;2963
430870;558
430880;8409
430885;1642
430890;1624
430900;16151
430905;7988
430910;35875
430912;2106
430915;4297
430920;279398
430925;1516
430930;98043
430940;25475
430950;7614
430955;4812
430710;6828
430957;3018
430960;19267
430965;6714
430970;4788
430975;4412
430980;4719
430990;7338
430995;4027
431000;20284
431010;3645
431020;83173
431030;4091
431033;22309
431036;3116
431040;6228
431041;2235
431043;6588
431046;1899
431050;7344
431053;5459
431055;347
431057;2125
431060;37757
431065;2441
431070;342
431075;194
431080;2388
431085;3848
431087;2679
431090;3576
431100;26869
431110;10937
431112;3773
431113;3518
431115;8554
431120;19364
431123;2884
431127;1611
431130;27834
431125;6442
431140;82951
431142;2561
431150;7516
431160;5289
431162;598
431164;1708
431171;4613
431170;5464
431173;299
431175;7291
431177;6749
431179;268
431180;43435
431190;4488
431198;3881
431200;2054
431205;4024
431210;4864
431213;2538
431215;4456
431217;1665
431220;4443
431225;8045
431230;4824
431235;1466
431237;322
431238;2564
431240;64788
431242;3056
431244;2979
431245;6546
431247;6344
431250;1276
431260;4948
431261;3151
431262;1888
431265;17484
431267;1689
431270;1176
431275;3586
431280;469
431290;9824
431295;1798
431300;3321
431301;271
431303;5292
431306;21317
431308;2548
431310;6508
431320;21156
431330;26849
431333;2268
431335;3661
431337;2867
431349;4154
431339;4169
431340;246452
431342;3394
431344;2223
431346;1727
431350;45557
431360;388
431365;11306
431370;33481
431380;7058
431390;4317
431395;9269
431400;7585
431402;7599
431403;3812
431405;5766
431406;5656
431407;6493
431410;201767
431413;2287
431415;8459
431417;201
431420;7755
431430;3893
431440;341648
431442;5696
431445;2577
431446;1965
431447;4372
431449;4842
431450;12351
431454;2968
431455;2357
431460;20621
431470;10152
431475;2094
431477;3908
431478;1572
431480;3651
431490;1479101
431500;4765
431505;2397
431507;1415
431510;10301
431513;1668
431514;2863
431515;6249
431517;1957
431520;3951
431530;22771
431531;1846
431532;2786
431535;3789
431540;11527
431545;2101
431550;15836
431555;2849
431560;210005
431570;38284
431575;4629
431580;113
431590;5867
431595;2352
431600;21199
431610;10583
431620;5182
431630;6899
431640;39535
431642;2613
431643;2679
431645;12416
431647;2732
431650;7705
431660;16211
431710;77763
431670;8099
431673;1644
431675;6522
431680;129427
431697;2545
431690;280505
431695;6315
431720;72919
431725;1734
431730;29877
431700;813
431740;49493
431750;7762
431760;42648
431770;10305
431755;2134
431775;202
431780;13923
431790;143
431795;2343
431800;60557
431805;3065
431810;18471
431820;21633
431830;62061
431840;24078
431842;4674
431843;2561
431844;2757
431845;2562
431846;2
431848;4739
431849;2091
431850;2741
431860;6945
431861;2378
431862;3509
431870;234947
431880;43625
431890;33668
431900;21449
431910;5474
431912;3238
431915;7663
431920;5325
431930;5863
431935;3758
431936;2
431937;2946
431940;1625
431950;25467
431960;2369
431970;3341
431971;2239
431973;2724
431975;2219
431980;871
431990;81198
432000;140311
432010;24205
432020;10788
432023;2924
432026;7399
432030;5093
432032;2788
432035;5553
432040;17198
432045;2
432050;5519
432055;6433
432057;199
432060;3685
432065;2394
432067;10183
432070;14927
432080;30967
432085;4667
432090;23651
432100;10593
432110;17266
432120;57292
432130;26838
432132;3068
432135;5479
432140;13538
432143;11088
432145;32676
432146;3004
432147;5796
432149;2827
432150;38386
432160;5076
432162;2339
432163;2693
432166;10989
432170;27837
432180;23938
432183;2725
432185;4291
432190;23963
432195;5813
432200;29207
432210;5713
432215;456
432218;1486
432220;23824
432225;4767
432230;798
432232;3455
432234;2049
432235;1192
432237;2354
432240;127079
432250;65846
432253;11732
432254;5842
432252;3479
432255;2104
432260;71117
432270;26618
432280;25936
432285;1835
432290;4825
432300;254101
432310;4745
432320;2904
432330;3374
432335;2102
432340;4353
432345;4283
432350;2766
432360;1565
432370;2847
432375;3177
432377;2998
432380;16025
420005;2577
420010;17847
420020;10711
420030;5385
420040;7138
420050;6455
420055;2378
420060;6378
420070;9984
420075;1948
420080;5721
420090;486
420100;7313
420110;3236
420120;8411
420125;10636
420127;4266
420130;3671
420140;67578
420150;8587
420160;3551
420165;2246
420170;7889
420180;3226
420190;5676
420195;12705
420205;1055
420200;138732
420207;10692
421280;22511
422000;1257
420208;2708
420209;1704
420210;28463
420213;6311
420215;2703
420220;11526
420230;67458
420240;35246
420243;346
420250;4712
420253;2961
420257;2146
420260;987
420245;19193
420270;5169
420280;33016
420285;3718
420287;2473
420290;131703
420300;77863
420310;6167
420315;3357
420320;80834
420330;11974
420340;7081
420350;8636
420360;3593
420370;1208
420380;54319
420325;2556
420390;22658
420395;24559
420400;10735
420410;3735
420415;2738
420417;3181
420419;2969
420420;216654
420425;16544
420430;74106
420435;4385
420440;10022
420445;2544
420455;1304
420450;15709
420460;213023
420470;11053
420475;1957
420480;39595
420490;8308
420500;1545
420510;4105
420515;4013
420517;3189
420519;2066
420520;4407
420530;10686
420535;1586
420540;492977
420543;2525
420545;26368
420550;36299
420555;2077
420560;2956
420570;22568
420580;178
420590;68465
420600;14333
420610;6542
420620;11423
420630;23272
420640;10154
420650;43822
420660;5141
420665;471
420670;22495
420675;1959
420680;3227
420690;18802
420700;55581
420710;14005
420720;10326
420730;44412
420740;6153
420750;67923
420757;2927
420760;4486
420765;8945
420768;7448
420770;7565
420775;4015
420780;10339
420785;1952
420790;11155
420800;6209
420810;21556
420820;215895
420830;6325
420840;16736
420845;19963
420850;24812
420860;3955
420870;10457
420880;19755
420890;174158
420895;1595
420900;29827
420910;583144
420915;4985
420917;211
420920;2245
420930;157743
420940;455
420945;1437
420950;6875
420960;15174
420970;12099
420980;3083
420985;458
420990;11942
421000;12609
421003;5686
421005;1784
421010;56017
421020;343
421030;8048
421040;7207
421050;25403
421055;1846
421060;16704
421070;256
421080;7028
421085;2336
421090;42
421100;11592
421105;9824
421110;828
421120;17642
421125;2898
421130;79285
421140;4945
421145;4333
421150;14312
421160;14987
421165;2481
421170;22785
421175;1851
421180;7317
421185;2227
421187;1537
421189;2363
421190;168259
421200;7475
421205;2603
421210;16182
421220;19218
421223;3515
421225;8594
421227;4186
421230;7418
421240;4
421250;31764
421260;2814
421265;10022
421270;5971
421290;19906
421300;3513
421310;3965
421315;285
421320;32874
421330;4714
421335;3408
421340;11552
421350;20834
421360;3525
421370;17189
421380;7326
421390;159
421400;17215
421410;229
421415;2911
421420;9946
421430;2868
421440;6208
421450;5979
421460;7456
421480;701
421470;11542
421490;4601
421500;42106
421505;2482
421507;4636
421510;11502
421520;489
421530;7626
421535;3808
421540;468
421545;12446
421550;16741
421555;2247
421560;2137
421565;8338
421567;8801
421568;2484
421569;1286
421570;22905
421580;83576
421575;2386
421590;2862
421600;11191
421605;5499
421610;9457
421620;51677
421630;36244
421635;3707
421625;6359
421640;728
421650;26763
421660;242927
421670;13838
421680;8421
421690;23857
421700;13165
421710;3189
421715;1833
421720;4009
421725;5709
421730;9679
421740;20728
421750;17506
421755;327
421760;1392
421770;3001
421775;25
421780;18302
421790;8691
421795;1646
421800;37645
421810;5354
421820;43484
421825;7812
421830;19183
421835;3891
421840;707
421850;7687
421860;7284
421870;104937
421875;4561
421880;12806
421885;2517
421890;11195
421895;2472
421900;2119
421910;3575
421915;2522
421917;4534
421920;6347
421930;5251
421935;5014
421940;3932
421950;50309
421960;3963
421970;28424
421985;3328
280010;2368
280020;21443
280030;648939
280040;10168
280050;18396
280060;29873
280067;26731
280070;8264
280100;17997
280110;4011
280120;2943
280130;33904
280140;21724
280150;16324
280160;588
280170;1819
280190;3977
280200;5059
280210;68804
280220;5567
280230;15283
280240;11606
280250;3307
280260;5811
280270;8519
280280;17761
280290;94696
280300;41684
280310;4921
280320;33994
280330;18576
280340;13085
280350;103576
280360;29567
280370;6877
280380;3665
280390;12581
280400;17153
280410;11322
280420;1512
280430;761
280440;18735
280445;8783
280450;36514
280460;2646
280470;647
280480;181503
280490;14347
280500;3236
280510;9538
280520;6523
280530;9199
280540;34412
280550;23586
280560;28497
280570;29559
280580;198
280590;1014
280600;18528
280610;10697
280620;1997
280630;13947
280650;3904
280640;7714
280660;12051
280670;89027
280680;11065
280690;3987
280700;3913
280710;40486
280720;8813
280730;3204
280740;51843
280750;13061
280760;25033
350010;35023
350020;3571
350030;35954
350040;8137
350050;18599
350055;604
350060;338
350070;37023
350075;5918
350080;4147
350090;4134
350100;16164
350110;411
350115;18484
350120;3712
350130;2483
350140;5179
350150;3206
350160;237112
350170;39962
350180;5956
350190;717
350200;4933
350210;57112
350220;24969
350230;6627
350240;4085
350250;36129
350260;4234
350270;24526
350275;21854
350280;195874
350290;33499
350300;5585
350310;6348
350315;2478
350320;233744
350330;132934
350335;1811
350340;8505
350350;3876
350360;11099
350370;9573
350380;5345
350390;88455
350395;1825
350400;103666
350410;141398
350420;15123
350430;5369
350440;13433
350450;90063
350460;17236
350470;5532
350480;8994
350490;10896
350500;3441
350510;7335
350520;34961
350530;36127
350535;5688
350540;7687
350550;121344
350560;32434
350570;271306
350580;20954
350590;62024
350600;374272
350610;77436
350620;2955
350630;11137
350635;61736
350640;7949
350650;122359
350660;32251
350670;14824
350680;12204
350690;11534
350700;59793
350710;24898
350715;3923
350720;836
350730;4776
350740;15925
350745;2621
350750;14482
350760;166753
350770;563
350775;2841
350780;24592
350790;24163
350800;19789
350810;17003
350820;4447
350830;4286
350840;48966
350850;93488
350860;33067
350870;18961
350880;17689
350890;419
350900;100129
350910;58
350920;75638
350925;28605
350930;10486
350940;25935
350945;5991
350950;1194094
350960;83735
350970;51763
350980;4932
350990;12539
350995;5071
351000;31212
351010;2787
351015;5139
351020;47159
351030;20419
351040;55141
351050;119625
351060;398611
351070;12303
351080;30237
351090;2542
351100;20738
351110;12121
351120;7752
351130;9125
351140;19774
351150;48074
351160;17915
351170;17009
355720;12418
351190;8472
351200;18398
351210;6203
351220;2782
351230;1777
351240;24221
351250;5986
351260;4728
351270;4047
351280;70998
351290;7316
351300;244694
351310;34998
351320;8541
351330;21
351340;81895
351350;12976
351360;21639
351370;3352
351380;420934
351385;1786
351390;11208
351400;8846
351410;27112
351420;2119
351430;8868
351440;46536
351450;12457
351460;9708
351470;6141
351480;15443
351490;17604
351492;3604
351495;2456
351500;270843
351510;68856
351512;3202
351515;20284
351518;44186
351519;4779
355730;11198
351520;8418
351530;2762
351535;9419
351540;16001
351560;5771
351550;68823
351565;1704
351570;191993
351580;1499
351590;2934
351600;14486
351610;2699
351620;3504
351630;174008
351640;152433
351650;2776
351660;6615
351670;4437
351680;4754
351685;4762
351690;10876
351700;1137
351710;4801
351720;12039
351730;5743
351740;40533
351750;21125
351760;17293
351770;21129
351780;8357
351790;11088
351800;2002
351810;6654
351820;32774
351830;29451
351840;121073
351850;18143
351860;39714
351870;318107
351880;1365899
351885;7602
351890;5226
351900;9462
351905;14579
351907;227353
351910;11559
351920;6348
351925;8956
351930;34726
351940;12264
351950;7663
351960;59451
351970;78262
351980;8181
351990;8124
352000;24598
352010;30246
352020;9483
352030;30721
352042;10965
352044;26582
352040;34333
352050;246908
352060;4892
352070;3908
352080;3963
352090;14869
352100;3628
352110;7401
352115;5306
352120;4238
352130;16209
352140;23846
352150;7937
352160;8261
352170;17635
352180;26861
352190;15226
352200;3782
352210;100496
352215;3326
352220;173672
352230;162231
352240;93892
352250;234352
352260;74299
352265;4213
352270;42903
352280;15125
352290;13833
352300;486
352310;366519
352320;5036
352330;17271
352340;11909
352350;20467
352360;17922
352370;6453
352380;783
352390;172268
352400;59649
352410;41598
352420;6911
352430;76864
352440;231863
352450;6934
352460;17842
352470;56221
352480;49011
352490;6485
352500;123481
352510;43774
352520;29456
352530;148581
352540;3168
352550;13098
352560;4495
352570;36655
352580;4752
352585;3315
352590;41481
352600;20524
352610;18908
352620;31235
352630;4903
352640;2824
352650;11667
352660;7207
352670;102412
352680;67859
352690;303682
352700;7864
352710;7751
352720;88276
352725;2278
352730;47748
352740;21604
352750;2385
352760;14592
352770;5723
352780;4571
352790;2663
352800;17111
352810;8093
352820;3704
352830;3136
352840;46852
352850;98374
352860;978
352870;5757
352880;13967
352885;2996
352890;4077
352900;23713
352910;2117
352920;26289
352930;82702
352940;468148
352950;5413
352960;3848
352965;191
352970;22093
352980;12849
353000;3066
352990;19919
353010;29418
353020;18178
353030;59333
353040;4822
353050;68788
353060;440769
353070;150713
353080;92715
353090;3478
353100;2252
353110;55731
353120;7964
353130;50216
353140;24794
353150;1905
353160;4166
353180;58765
353170;4608
353190;32641
353200;13458
353205;472
353210;4466
353215;3103
353220;4809
353230;6681
353240;18346
353250;8936
353260;11427
353270;5126
353280;6875
353282;9647
353284;1911
353286;1255
353290;11013
353300;21307
353310;2308
353320;3883
353330;4041
353340;59371
353325;5712
353350;4068
353360;7386
353370;4287
353380;2522
353390;54406
353400;4339
353410;6487
353420;6935
353430;43687
353440;69685
353450;2602
353460;32754
353470;112711
353480;8503
353475;10177
353490;1413
353500;12786
353510;13058
353520;934
353530;22168
353540;1569
353550;45455
353560;1818
353570;6411
353580;19993
353590;4061
353600;1098
353610;636
353620;1957
353625;2153
353630;14529
353640;7274
353650;106776
353657;1832
353660;893
353670;46251
353680;6075
353690;2508
353700;16676
353710;47361
353715;3085
353720;1124
353730;63047
353740;2566
353750;856
353760;67548
353770;5922
353780;55149
353790;28963
353800;166475
353810;16877
353820;15021
353830;3685
353850;13742
353860;2714
353870;400949
353880;29741
353890;25259
353900;11362
353910;18604
353920;27295
353930;7593
353940;13503
353950;39349
353960;5167
353970;3521
353980;11653
353990;6004
354000;21851
354010;3432
354020;49047
354025;458
354030;2577
354040;4186
354050;9779
354060;52785
354070;55787
354075;24143
354080;17201
354085;3971
354090;2111
354100;319146
354105;5204
354110;4108
354120;1319
354130;44006
354140;227072
354150;39448
354160;40027
354165;3753
354170;14006
354180;3351
354190;13228
354200;6587
354210;905
354220;29688
354230;3863
354240;20124
354250;9399
354260;56249
354270;7504
354280;3351
354290;13137
354300;16684
354310;4682
354320;4542
354323;2227
354325;7666
354330;122607
354340;694534
354360;3618
354370;10786
354380;10003
354390;204797
354400;34704
354410;50241
354420;12342
354350;5607
354425;17015
354430;10621
354440;3093
354450;3125
354460;5564
354470;2435
354480;6253
354490;11779
354500;17022
354510;5262
354515;8176
354520;117561
354530;44972
354540;9297
354550;4248
354560;15397
354570;5993
354580;192536
354600;14717
354610;2118
354620;4461
354625;2124
354630;33975
354640;47395
354650;5611
354660;32076
354670;26403
354680;56792
354690;8779
354700;6107
354710;2935
354740;251
354750;27514
354760;26322
354765;1539
354720;1507
354730;136517
354770;20889
354780;716109
354790;688
354800;23085
354805;8356
354810;5968
354820;6794
354830;3086
354840;4736
354850;432957
354860;10862
354870;83324
354880;160275
354890;249415
354900;2826
354910;90637
354920;2574
354925;1912
354930;2111
354940;51447
354950;8895
354960;4151
354970;54763
354980;456245
354990;713943
354995;15667
355000;10684
355010;40781
355020;32859
355030;12176866
355040;35318
355050;7636
355060;89943
355070;87596
355080;12205
355090;15257
355100;363173
355110;10177
355120;3646
355130;347
355140;14334
355160;29001
355150;44555
355170;124453
355180;12884
355190;17328
355200;6264
355210;40648
355220;671186
355230;7708
355240;278571
355255;3911
355250;294638
355260;12328
355270;16345
355280;28557
355290;624
355300;13569
355310;6268
355320;5568
355330;23182
355340;2583
355350;785
355360;1297
355365;281
355370;56984
355380;2318
355385;5792
355390;7395
355395;14812
355400;120533
355410;311854
355420;4574
355430;23019
355440;9302
355450;41622
355460;2663
355465;2401
355470;9963
355475;1709
355480;46642
355490;5781
355495;6808
355500;65477
355510;15404
355520;2012
355530;1759
355535;6216
355540;89747
355550;4754
355560;10068
355570;1823
355580;9108
355590;1177
355600;13727
355610;13115
355620;127123
355630;2613
355635;10378
355640;42573
355645;51702
355650;120572
355660;10864
355670;77308
355680;18775
355690;8626
355695;1834
355700;121331
355710;93736
355715;2684
170025;2564
170030;6572
170035;5434
170040;7131
170070;8427
170100;9607
170105;3417
170110;4741
170130;5786
170190;7016
170200;8567
170210;177517
170215;5663
170220;35346
170230;667
170240;10601
170255;18178
170270;3731
170290;9725
170300;10662
170305;3512
170307;4549
170310;5614
170320;4469
170330;4779
170360;2191
170370;5475
170380;11197
170382;2266
170384;9917
170386;4321
170388;2556
170389;4059
170390;5295
170410;2874
170510;3334
170460;1401
170550;3499
171670;827
170555;4843
170560;4124
170600;5536
170610;73
170625;1708
170650;6018
170700;2185
170710;6856
170720;7211
170730;4687
170740;10851
170755;3841
170765;5284
170770;8837
170820;18482
170825;2576
170830;5116
170900;12942
170930;25677
170950;85737
170980;1977
171050;7414
171070;5896
171090;3758
171110;2435
171150;3819
171180;2202
171190;13034
171195;4237
171200;3101
171215;1892
171240;3748
171245;306
171250;5094
171270;2638
171280;3403
171320;18566
171330;13375
171360;7827
171370;2263
171395;3514
171420;9239
171430;3959
171488;11719
171500;4215
171510;4287
171515;2332
171525;2698
171550;1106
172100;291855
171570;5919
171380;657
171575;7641
171610;50602
171620;10461
171630;4831
171650;1338
171660;11623
171665;5443
171700;4464
171720;3023
171750;7564
171780;4601
171790;7961
171800;3108
171820;527
171830;8365
171840;3692
171845;2659
171850;4244
171855;4604
171865;2088
171870;2811
171875;6468
171880;4627
171884;3378
171886;7426
171888;3381
171889;2344
171890;4811
171900;2834
172000;2528
172010;5256
172015;1572
172020;11967
172025;307
172030;4757
172049;4017
172065;5378
172080;9078
172085;1946
172090;16538
172093;2131
172097;2773
172110;7471
172120;22896
172125;186
172130;2613
172208;11631
172210;11561
