ibgeID;total_deaths
110001;128
110037;48
110040;75
110034;76
110002;531
110045;130
110003;34
110060;20
110004;482
110070;31
110080;122
110090;18
110005;109
110092;32
110006;107
110007;30
110008;71
110094;44
110009;148
110100;56
110010;240
110110;29
110011;272
110012;737
110013;116
110120;46
110130;55
110140;66
110014;88
110033;99
110143;33
110050;44
110015;206
110145;13
110018;215
110146;10
110020;2220
110025;113
110147;16
110026;16
110028;265
110029;43
110148;25
110149;77
110032;84
110150;51
110155;28
110160;33
110170;50
110175;29
110180;24
110030;517
110000;13
120001;58
120005;44
120010;133
120013;48
120017;58
120020;422
120025;76
120030;159
120032;16
120033;72
120034;34
120035;35
120038;93
120080;73
120039;31
120040;2094
120042;43
120043;20
120050;203
120045;115
120060;186
120070;73
120000;8
130002;52
130006;26
130008;19
130010;51
130014;66
130020;41
130030;145
130040;99
130050;100
130060;160
130063;50
130068;62
130070;164
130080;122
130083;27
130090;49
130100;91
130110;147
130115;56
130120;335
130130;89
130140;183
130150;88
130160;82
130165;56
130170;193
130180;63
130185;250
130190;390
130195;19
130200;35
130210;13
130220;41
130230;56
130240;143
130250;413
130255;46
130260;10837
130270;165
130280;41
130290;233
130300;58
130310;114
130320;54
130330;85
130340;451
130350;50
130353;108
130356;85
130360;67
130370;65
130380;294
130390;126
130395;23
130400;30
130406;242
130410;69
130420;291
130423;40
130426;34
130430;68
130440;55
130000;3
140005;119
140002;64
140010;1815
140015;71
140017;76
140020;123
140023;45
140028;49
140030;82
140040;57
140045;57
140047;129
140050;24
140060;23
140070;53
150010;700
150013;50
150020;198
150030;105
150034;60
150040;259
150050;108
150060;641
150070;88
150080;2874
150085;149
150090;196
150095;96
150100;52
150110;70
150120;122
150125;13
150130;488
150140;9633
150145;124
150150;323
150157;70
150160;69
150170;748
150172;84
150175;27
150178;213
150180;338
150190;129
150200;70
150195;62
150210;496
150215;158
150220;406
150230;260
150240;1053
150250;40
150260;60
150270;267
150275;119
150276;45
150277;124
150280;74
150285;56
150290;228
150293;183
150295;171
150300;31
150304;97
150307;109
150309;115
150310;89
150320;220
150330;291
150340;59
150345;112
150350;147
150360;627
150370;193
150375;68
150380;233
150390;190
150400;83
150405;176
150410;44
150420;1429
150430;146
150440;156
150442;676
150445;125
150450;60
150460;123
150470;276
150475;79
150480;259
150490;133
150495;94
150497;50
150500;71
150503;158
150506;265
150510;220
150520;106
150530;283
150540;90
150543;145
150548;188
150549;29
150550;475
150553;783
150555;46
150560;42
150563;42
150565;72
150570;112
150580;187
150590;103
150600;94
150610;66
150611;59
150613;521
150616;116
150618;217
150619;106
150620;225
150630;122
150635;119
150640;28
150650;344
150655;97
150658;60
150660;134
150670;186
150680;1696
150690;27
150700;140
150710;85
150715;121
150720;105
150730;277
150740;94
150745;120
150746;32
150747;107
150750;57
150760;268
150770;79
150775;39
150780;67
150790;116
150795;325
150796;51
150797;74
150800;278
150803;154
150805;77
150808;181
150810;460
150812;97
150815;186
150820;273
150830;224
150835;91
150840;234
150000;78
160010;27
160020;27
160021;10
160023;20
160025;11
160027;140
160030;2317
160040;64
160050;66
160015;26
160053;56
160055;9
160060;484
160005;9
160070;35
160080;44
170025;12
170030;23
170035;38
170040;24
170070;44
170100;57
170105;24
170110;34
170130;42
170190;22
170200;39
170210;1004
170215;31
170220;188
170230;50
170240;84
170255;118
170270;20
170290;77
170300;42
170305;17
170307;27
170310;32
170320;23
170330;27
170360;10
170370;30
170380;40
170382;6
170384;33
170386;20
170388;8
170389;21
170390;23
170410;11
170510;9
170460;8
170550;175
171670;52
170555;27
170560;27
170600;29
170610;45
170625;4
170650;40
170700;91
170710;34
170720;19
170730;22
170740;52
170755;23
170765;29
170770;53
170820;101
170825;18
170830;25
170900;65
170930;138
170950;527
170980;10
171050;35
171070;28
171090;14
171110;11
171150;19
171180;14
171190;77
171195;21
171200;21
171215;11
171240;19
171245;16
171250;14
171270;12
171280;11
171320;101
171330;79
171360;33
171370;12
171395;22
171420;65
171430;24
171488;70
171500;34
171510;16
171515;16
171525;11
171550;6
172100;962
171570;23
171380;31
171575;29
171610;242
171620;52
171630;24
171650;72
171660;49
171665;27
171700;13
171720;20
171750;46
171780;39
171790;36
171800;12
171820;360
171830;47
171840;14
171845;20
171850;20
171855;27
171865;6
171870;8
171875;22
171880;35
171884;20
171886;30
171888;17
171889;14
171890;23
171900;16
172000;13
172010;16
172015;2
172020;46
172025;15
172030;33
172049;23
172065;36
172080;42
172085;16
172090;83
172093;11
172097;5
172110;48
172120;142
172125;8
172130;8
172208;54
172210;79
170000;23
210005;523
210010;29
210015;55
210020;100
210030;76
210040;25
210043;119
210047;149
210050;68
210055;26
210060;176
210070;94
210080;66
210083;65
210087;13
210090;222
210095;147
210100;171
210110;54
210120;617
210125;70
210130;79
210135;30
210140;521
210150;91
210160;500
210170;236
210177;60
210173;21
210180;28
210190;111
210193;34
210197;33
210200;212
210203;136
210207;45
210210;148
210215;42
210220;120
210230;118
210232;265
210235;79
210237;43
210240;53
210250;64
210255;85
210260;62
210270;90
210275;68
210280;148
210290;92
210300;939
210310;42
210312;40
210315;28
210317;43
210320;413
210325;64
210330;650
210340;257
210350;192
210355;50
210360;383
210370;206
210375;82
210380;116
210390;47
210400;98
210405;184
210407;34
210408;47
210409;58
210410;60
210420;75
210430;29
210440;81
210450;62
210455;109
210460;88
210462;39
210465;49
210467;103
210470;28
210480;393
210490;74
210500;129
210510;73
210515;59
210520;50
210530;1608
210535;45
210540;290
210542;112
210545;32
210547;59
210550;146
210560;80
210565;22
210570;252
210580;47
210594;61
210590;73
210592;56
210596;55
210598;30
210600;91
210610;55
210620;39
210630;75
210632;71
210635;23
210637;45
210640;67
210650;115
210660;117
210663;46
210667;18
210670;84
210675;109
210680;68
210690;147
210700;58
210710;57
210720;47
210725;19
210730;28
210735;89
210740;83
210745;70
210750;472
210760;67
210770;118
210780;156
210790;91
210800;104
210805;70
210810;84
210820;295
210825;77
210830;183
210840;69
210845;125
210850;192
210860;461
210870;123
210880;103
210890;113
210900;151
210905;32
210910;262
210920;39
210923;22
210927;75
210930;38
210940;40
210945;125
210950;126
210955;45
210960;236
210970;28
210975;28
210980;160
210990;549
211000;363
211003;116
211010;111
211020;175
211023;28
211027;42
211030;77
211040;73
211050;205
211060;140
211065;33
211070;161
211080;28
211085;39
211090;60
211100;74
211102;51
211105;58
211107;89
211110;185
211120;988
211125;33
211130;5612
211140;117
211150;225
211153;64
211157;20
211160;89
211163;24
211167;22
211170;90
211172;39
211174;41
211176;103
211178;35
211180;67
211190;56
211195;36
211200;47
211210;167
211220;1018
211223;138
211227;23
211230;184
211240;122
211245;79
211250;236
211260;99
211270;219
211280;279
211285;65
211290;184
211300;167
211400;280
210000;48
220005;38
220010;46
220020;139
220025;45
220027;38
220030;84
220040;280
220045;27
220050;122
220060;56
220070;40
220080;9
220090;34
220095;15
220100;32
220105;34
220110;62
220115;50
220117;33
220120;247
220130;14
220140;47
220150;167
220155;30
220157;26
220160;44
220170;46
220173;31
220177;30
220180;43
220190;120
220191;38
220192;27
220194;27
220196;37
220198;24
220200;133
220202;33
220205;62
220207;23
220208;46
220209;25
220210;36
220211;29
220213;43
220217;20
220220;348
220225;24
220230;136
220240;69
220245;24
220250;54
220253;37
220255;22
220260;137
220265;31
220270;154
220271;35
220272;21
220273;25
220275;38
220277;45
220280;36
220285;29
220290;129
220300;26
220310;52
220320;40
220323;29
220327;20
220325;22
220330;117
220335;33
220340;47
220345;45
220342;37
220350;100
220360;23
220370;271
220375;27
220380;19
220385;14
220390;403
220400;38
220410;23
220415;23
220420;53
220430;89
220435;32
220440;54
220450;69
220455;18
220460;24
220465;77
220470;108
220480;72
220490;47
220500;83
220510;74
220515;29
220520;119
220525;15
220527;31
220530;38
220535;12
220540;62
220545;31
220550;239
220551;32
220552;24
220553;35
220555;40
220557;15
220556;26
220558;27
220559;19
220554;21
220560;30
220570;170
220580;173
220585;40
220590;31
220595;42
220600;37
220605;48
220610;62
220620;166
220630;6
220635;36
220640;71
220650;65
220660;55
220665;24
220667;40
220669;54
220670;61
220672;51
220675;25
220680;53
220795;26
220690;38
220695;22
220700;271
220710;19
220720;53
220730;28
220735;24
220740;36
220750;77
220755;33
220760;42
220770;1038
220775;22
220777;32
220779;24
220780;149
220785;21
220790;239
220793;14
220800;475
220810;61
220820;98
220830;191
220840;432
220850;72
220855;8
220860;21
220865;43
220870;43
220880;151
220885;18
220887;19
220890;30
220900;52
220910;48
220915;22
220920;34
220930;32
220937;35
220935;36
220940;48
220945;10
220950;23
220955;25
220960;15
220965;37
220970;39
220975;10
220980;21
220985;27
220987;35
220990;39
220995;32
220997;50
221000;176
221005;21
221010;24
221020;46
221030;44
221035;35
221037;23
221038;18
221039;23
221040;92
221050;91
221060;224
221062;16
221063;22
221065;48
221070;81
221080;85
221090;15
221093;51
221095;16
221097;21
221100;5107
221110;255
221120;141
221130;177
221135;27
221140;38
221150;20
221160;12
221170;30
220000;74
230010;59
230015;100
230020;350
230030;390
230040;86
230050;72
230060;55
230070;109
230075;228
230080;61
230090;81
230100;490
230110;405
230120;197
230125;85
230130;136
230140;67
230150;52
230160;121
230170;165
230180;46
230185;110
230190;430
230195;133
230200;151
230205;77
230210;234
230220;340
230230;191
230240;397
230250;282
230260;413
230270;210
230280;522
230290;127
230300;99
230310;151
230320;184
230330;122
230340;114
230350;488
230360;76
230365;76
230370;2027
230380;233
230390;90
230393;68
230395;147
230400;159
230410;603
230420;788
230423;128
230425;151
230426;79
230427;47
230428;293
230430;131
230435;165
230440;16042
230445;103
230450;81
230460;43
230465;104
230470;275
230480;33
230490;86
230495;157
230500;286
230510;42
230520;166
230523;382
230526;69
230530;164
230533;71
230535;102
230540;422
230550;713
230560;171
230565;86
230570;62
230580;315
230590;293
230600;106
230610;119
230620;51
230625;264
230630;327
230640;692
230650;127
230655;246
230660;139
230670;144
230680;63
230690;244
230700;210
230710;183
230720;46
230725;100
230730;1711
230740;197
230750;248
230760;414
230763;106
230765;1381
230770;743
230780;158
230790;60
230800;247
230810;264
230820;104
230830;182
230835;116
230837;74
230840;226
230850;289
230860;146
230870;466
230880;53
230890;113
230900;121
230910;69
230920;89
230930;259
230940;183
230945;167
230950;193
230960;418
230970;398
230980;79
230990;40
231000;70
231010;75
231020;243
231025;192
231030;205
231040;63
231050;325
231060;57
231070;251
231080;112
231085;156
231090;122
231095;63
231100;99
231110;95
231120;58
231123;43
231126;157
231130;516
231135;121
231140;515
231150;108
231160;185
231170;158
231180;491
231190;111
231195;102
231220;315
231200;186
231210;97
231230;300
231240;309
231250;60
231260;83
231270;218
231280;45
231290;1321
231300;125
231310;211
231320;219
231325;38
231330;450
231335;88
231340;466
231350;291
231355;94
231360;211
231370;62
231375;107
231380;132
231390;92
231395;138
231400;299
231410;343
230000;1
240010;71
240020;327
240030;72
240040;22
240050;92
240060;27
240070;67
240080;73
240090;54
240100;256
240110;186
240120;77
240130;50
240140;62
240145;137
240150;22
240160;27
240165;17
240170;78
240180;97
240185;26
240190;21
240200;443
240210;71
240220;227
240230;161
240240;61
240250;62
240260;459
240270;72
240280;42
240290;31
240300;55
240310;270
240320;44
240330;43
240340;34
240350;62
240360;238
240370;43
240375;20
240380;72
240390;22
240400;42
240410;5
240420;141
240430;92
240440;54
240450;82
240460;66
240470;79
240480;12
240485;42
240490;39
240500;79
240510;40
240520;37
240530;60
240540;33
240550;21
240560;88
240570;102
240580;205
240590;19
240600;54
240610;151
240615;16
240620;40
240630;43
240640;18
240650;102
240660;72
240670;59
240680;30
240690;25
240700;61
240710;523
240720;201
240725;23
240730;59
240740;79
240750;48
240760;40
240770;61
240780;118
240790;13
240800;1792
240810;5486
240820;145
240830;238
240840;50
240850;37
240860;26
240870;21
240880;23
240890;150
240325;1115
240910;84
240920;14
240930;82
240940;209
240950;25
240960;13
240970;19
240980;104
240990;79
241000;23
241010;84
241020;63
241025;29
241040;44
241050;37
241060;27
241070;24
241080;31
241090;56
240895;50
241100;29
241110;20
241120;209
240933;10
241140;67
241142;13
241150;145
241160;17
241170;25
241180;34
241190;36
241200;542
241210;45
241220;270
241230;97
241240;24
241250;177
241255;35
241260;130
241270;45
241280;54
241290;80
241300;42
241310;40
241320;20
241030;51
241330;38
241335;59
241340;58
241350;46
241355;33
241360;42
241370;22
241380;23
241390;70
241400;93
241410;61
241415;39
241105;29
241420;78
241430;19
241440;153
241445;11
241450;96
241460;75
241470;42
241475;19
241480;72
241490;10
241500;13
240000;4
250010;63
250020;28
250030;173
250040;139
250050;105
250053;31
250057;19
250060;123
250073;6
250077;70
250080;99
250090;105
250100;99
250110;156
250115;10
250120;42
250130;178
250135;19
250140;42
250150;137
250153;44
250160;85
250157;60
250170;37
250180;649
250190;130
250200;55
250205;15
250210;37
250215;53
250220;25
250230;41
250240;65
250250;132
250270;33
250280;85
250290;41
250300;128
250310;34
250320;347
250330;60
250340;20
250350;116
250355;33
250360;56
250370;451
250375;17
250380;36
250390;37
250400;2967
250403;37
250407;22
250410;19
250415;58
250420;29
250430;208
250435;35
250440;114
250450;66
250460;170
250470;50
250480;139
250485;16
250490;97
250500;48
250510;125
250523;35
250520;52
250527;44
250530;11
250535;37
250540;71
250560;55
250570;70
250580;38
250590;10
250600;238
250610;72
250620;39
250625;53
250630;427
250640;81
250650;21
250660;44
250260;41
250670;67
250680;136
250690;167
250700;113
250710;115
250720;69
250730;136
250740;47
250750;4992
251365;10
250760;44
250770;113
250780;36
250790;91
250800;74
250810;26
250820;67
250830;174
250840;21
250850;47
250855;26
250860;77
250870;21
250880;52
250890;269
250900;56
250905;42
250910;162
250915;39
250920;81
250930;51
250933;33
250937;15
250939;45
250940;66
250950;45
250960;35
250970;269
250980;85
250990;45
251000;43
251010;82
251020;36
251030;27
251040;41
251050;21
251060;16
251065;18
251070;10
251080;664
251090;90
251100;21
251110;54
251120;191
251272;41
251130;106
251140;115
251150;90
251160;46
251170;45
251180;52
251190;89
251200;103
251203;13
251207;26
251210;266
251220;30
251230;138
251240;69
251250;331
251260;19
251270;137
251274;23
251275;25
251276;27
251278;13
251280;49
251290;174
251300;11
251310;74
251315;45
251320;39
251330;48
251335;12
251340;88
251370;1025
251380;35
251350;26
251360;55
251385;30
251392;28
251390;212
251396;37
251394;11
251398;34
251400;53
250070;126
251410;27
251420;53
251430;26
251440;38
251450;149
251455;21
251460;26
251465;9
251470;31
251480;22
251445;35
251490;47
251500;45
251510;70
251520;22
251540;47
251530;371
251550;85
251560;18
251570;19
251580;46
251590;47
251593;48
251597;43
251600;227
251610;81
251615;26
251620;483
251630;134
251640;58
251650;120
251660;83
251670;107
251675;19
251680;64
251690;111
251700;75
251710;23
251720;31
250550;21
251740;23
250000;19
260005;644
260010;270
260020;101
260030;217
260040;164
260050;289
260060;105
260070;261
260080;170
260090;154
260100;90
260105;119
260110;482
260120;489
260130;71
260140;330
260150;82
260160;129
260170;608
260180;76
260190;547
260200;210
260210;364
260220;301
260230;307
260240;66
260250;54
260260;308
260270;92
260280;334
260290;1342
260300;183
260310;155
260320;164
260330;60
260340;42
260345;1040
260350;123
260360;67
260370;171
260380;135
260390;132
260392;53
260400;545
260410;2284
260415;89
260420;264
260430;65
260440;80
260450;145
260460;168
260470;105
260480;74
260490;102
260500;217
260510;243
260515;92
260520;443
260530;200
260540;183
260545;8
260550;83
260560;148
260570;181
260580;109
260590;156
260600;946
260610;177
260620;538
260630;40
260640;655
260650;118
260660;137
260670;64
260680;690
260690;86
260760;118
260700;75
260710;30
260720;497
260730;169
260740;22
260750;153
260765;233
260770;110
260775;146
260780;103
260790;4083
260795;66
260800;134
260805;91
260810;211
260820;95
260825;90
260830;118
260840;127
260850;157
260845;133
260860;83
260870;116
260875;120
260880;304
260890;475
260900;200
260910;93
260915;83
260920;62
260930;95
261430;58
260940;392
260950;269
260960;2912
260970;174
260980;79
260990;413
261000;450
261010;63
261020;200
261030;106
261040;127
261050;208
261060;333
261070;2153
261080;148
261090;482
261100;209
261110;1816
261120;95
261130;163
261140;71
261150;138
261153;44
261160;11260
261170;182
261180;270
261190;130
261200;94
261210;48
261220;380
261230;111
261240;156
261245;64
261247;90
261250;477
261255;75
261260;194
261270;108
261280;68
261290;68
261300;340
261310;297
261320;162
261330;176
261340;146
261350;187
261360;246
261370;725
261380;137
261390;576
261400;88
261410;236
261420;217
261440;43
261450;460
261460;209
261470;89
261480;105
261485;139
261500;165
261510;50
261520;55
261530;471
261540;203
261550;96
261560;188
261570;113
261580;138
261590;64
261600;109
261610;58
261618;63
261620;134
261630;187
261640;1010
261650;111
260000;212
270010;117
270020;118
270030;1485
270040;258
270050;107
270060;63
270070;103
270080;34
270090;26
270100;178
270110;57
270120;61
270130;112
270135;55
270140;194
270150;54
270160;97
270170;107
270180;59
270190;34
270200;80
270210;130
270220;45
270230;318
270235;148
270240;288
270250;64
270255;90
270260;121
270270;20
270280;87
270290;194
270300;101
270310;205
270320;118
270330;112
270340;37
270350;31
270360;37
270370;30
270375;38
270380;102
270390;20
270400;122
270410;127
270420;141
270430;6085
270440;126
270490;15
270450;146
270460;71
270470;315
270480;91
270500;104
270510;148
270520;96
270530;32
270540;43
270550;170
270560;59
270570;117
270580;43
270590;28
270600;66
270610;65
270620;23
270630;526
270640;113
270642;71
270644;70
270650;73
270660;56
270670;375
270680;99
270690;246
270700;12
270710;104
270720;53
270730;144
270740;31
270750;101
270760;80
270770;567
270780;37
270790;51
270800;249
270810;85
270820;37
270830;152
270840;177
270850;175
270860;316
270870;42
270880;209
270890;72
270895;59
270900;39
270910;118
270915;231
270920;132
270930;401
270940;139
270000;1
280010;20
280020;163
280030;3513
280040;59
280050;98
280060;196
280067;163
280070;48
280100;120
280110;27
280120;120
280130;219
280140;138
280150;84
280160;58
280170;98
280190;18
280200;24
280210;416
280220;37
280230;87
280240;56
280250;20
280260;49
280270;49
280280;89
280290;619
280300;224
280310;27
280320;209
280330;98
280340;83
280350;615
280360;154
280370;60
280380;38
280390;75
280400;101
280410;87
280420;64
280430;47
280440;135
280445;60
280450;194
280460;180
280470;47
280480;874
280490;84
280500;16
280510;84
280520;46
280530;54
280540;143
280550;155
280560;136
280570;226
280580;106
280590;61
280600;113
280610;51
280620;111
280630;86
280650;21
280640;34
280660;78
280670;470
280680;58
280690;27
280700;19
280710;262
280720;48
280730;25
280740;314
280750;78
280760;149
280000;9
290010;62
290020;101
290030;110
290035;72
290040;99
290060;30
290070;1112
290080;167
290090;51
290100;266
290110;182
290115;95
290120;160
290130;67
290135;66
290140;92
290150;75
290160;87
290170;74
290180;59
290190;140
290195;43
290205;83
290200;82
290210;304
290220;75
290225;74
290230;61
290240;96
290250;83
290260;132
290265;64
290270;313
290280;157
290290;251
290300;120
290310;37
290320;806
290323;123
290330;58
290327;79
290340;150
290350;132
290360;97
290370;99
290380;94
290390;397
290395;60
290400;99
290405;78
290410;132
290420;63
290430;101
290440;20
290450;89
290460;460
290470;117
290475;117
290480;28
290485;108
290490;212
290500;134
290510;68
290515;57
290520;294
290530;110
290540;73
290550;55
290560;250
290570;1403
290580;216
290590;141
290600;370
290610;39
290620;128
290630;261
290640;56
290650;532
290660;112
290670;186
290680;234
290682;73
290685;73
290687;197
290689;72
290690;116
290700;42
290710;195
290720;356
290730;200
290740;26
290750;352
290755;43
290760;95
290770;66
290780;228
290790;111
290800;194
290810;78
290820;137
290830;140
290840;415
290850;214
290860;136
290870;116
290880;23
290890;172
290900;54
290910;70
290920;91
290930;142
290940;70
290950;36
290960;146
290970;64
290980;418
290990;181
291000;77
291005;390
291010;73
291020;44
291030;56
291040;120
291050;258
290050;74
291060;209
291070;392
291072;711
291075;104
291077;28
291080;3723
291085;107
291090;44
291100;82
291110;104
291120;197
291125;20
291130;64
291140;98
291150;52
291160;131
291165;54
291170;508
291180;112
291185;67
291190;175
291200;65
291210;192
291220;74
291230;109
291240;82
291250;85
291260;19
291270;150
291280;45
291290;172
291300;116
291310;78
291320;189
291330;32
291340;84
291345;64
291350;162
291360;1400
291370;226
291380;81
291390;365
291400;435
291410;78
291420;49
291430;49
291440;135
291450;219
291460;403
291465;179
291470;477
291480;1617
291490;121
291500;71
291510;105
291520;90
291530;50
291535;83
291540;58
291550;180
291560;448
291570;57
291580;158
291590;32
291600;140
291610;148
291620;85
291630;64
291640;509
291650;201
291660;67
291670;43
291680;107
291685;100
291690;103
291700;193
291710;148
291720;114
291730;153
291733;55
291735;62
291740;93
291750;548
291760;362
291770;174
291780;81
291790;61
291800;1197
291810;216
291820;84
291830;96
291835;144
291840;1366
291845;41
291850;101
291855;51
291860;49
291870;43
291875;45
291880;126
291890;32
291900;28
291905;54
291910;44
291915;144
291920;1099
291930;39
291940;69
291950;247
291955;269
291960;81
291970;124
291980;294
291990;48
291992;111
291995;56
292000;53
292010;138
292020;89
292030;54
292040;66
292045;38
292050;178
292060;301
292070;86
292080;56
292090;92
292100;278
292105;59
292110;191
292120;210
292130;76
292140;86
292145;41
292150;300
292160;61
292170;188
292180;73
292190;74
292200;166
292205;89
292210;126
292220;65
292225;49
292230;189
292240;140
292250;199
292260;59
292265;63
292270;111
292273;33
292275;32
292280;44
292285;51
292290;131
292300;211
292303;77
292305;53
292310;146
292320;155
292330;49
292335;99
292340;140
292350;53
292360;150
292370;191
292380;189
292390;64
292400;774
292405;95
292410;58
292420;65
292430;138
292440;156
292450;106
292460;122
292465;48
292467;36
292470;73
292480;133
292490;46
292500;181
292510;396
292520;214
292525;91
292530;813
292540;56
292550;176
292560;100
292570;78
292575;136
292580;135
292590;152
292593;55
292595;135
292600;223
292610;85
292620;123
292630;244
292640;206
292650;78
292660;371
292665;40
292670;98
292680;64
292690;67
292700;249
292710;47
292720;242
292730;74
292740;16217
292750;158
292760;65
292770;157
292780;43
292790;81
292805;88
292810;220
292840;163
292850;64
292800;213
292820;170
292830;56
292860;380
292870;679
292880;352
292890;155
292895;63
292910;145
292900;96
292905;89
292920;206
292925;108
292930;219
292935;62
292937;69
292940;56
292950;234
292960;123
292970;126
292975;80
292980;82
292990;285
293000;55
293010;485
293020;147
293015;172
293030;91
293040;132
293050;478
293060;87
293070;783
293075;50
293076;65
293077;120
293080;112
293090;58
293100;128
293105;98
293110;70
293120;89
293130;76
293135;989
293140;48
293150;102
293160;77
293170;60
293180;127
293190;228
293200;168
293210;128
293220;155
293230;151
293240;87
293245;54
293250;172
293260;101
293270;151
293280;107
293290;557
293300;125
293305;79
293310;62
293315;77
293317;60
293320;255
293325;61
293330;2152
293340;56
293345;68
293350;124
293360;328
290000;345
310010;52
310020;170
310030;113
310040;40
310050;51
310060;78
310070;24
310080;37
310090;136
310100;62
310110;210
310120;54
310130;19
310140;11
310150;333
310160;588
310163;38
310170;254
310180;74
310190;121
310200;119
310205;45
315350;56
310210;94
310220;38
310230;131
310240;19
310250;47
310260;304
310280;107
310285;30
310290;100
310300;68
310310;8
310320;11
310330;17
310340;220
310350;862
310360;25
310370;38
310375;33
310380;20
310390;55
310400;740
310410;78
310420;263
310430;139
310440;28
310445;25
310450;94
310460;100
310470;74
310480;21
310490;149
310500;62
310510;198
310520;39
310530;34
310540;182
310550;56
310560;944
310570;53
310590;169
310600;64
310610;21
310620;15491
310630;131
310640;74
310650;63
310665;27
310660;33
310670;2187
310680;26
310690;117
310700;23
310710;326
310720;24
310730;265
310740;310
310750;63
310760;36
310770;37
310780;116
310790;80
310800;144
310810;48
310820;42
310825;36
310830;135
310840;132
310850;33
310870;38
310855;88
310860;228
310880;32
310890;127
310900;228
310910;96
310920;75
310925;26
310930;125
310940;150
310945;30
310950;81
310960;27
310970;76
310270;73
310980;14
310990;96
311000;298
311010;35
311020;31
311030;130
311040;19
311050;175
311060;183
311070;111
311080;25
311090;139
311100;150
311110;136
311115;33
311120;467
311130;104
311140;48
311150;99
311160;225
311190;32
311170;26
311180;69
311200;123
311205;40
311210;28
311220;44
311230;206
311240;41
311250;62
311260;139
311265;32
311270;75
311280;60
311290;51
311300;148
311310;13
311320;169
311330;302
311340;599
311350;48
311360;43
311370;163
311380;21
311390;97
311400;91
311410;74
311420;137
311430;202
311440;136
311450;121
311455;57
311460;33
311470;29
311480;29
311490;19
311500;14
311510;149
311530;602
311535;29
311540;14
311545;45
311547;31
311550;173
311560;13
311570;65
311580;75
311590;37
311600;37
311610;54
311615;46
311620;26
311630;71
311640;13
311650;50
311660;149
311670;66
311680;58
311690;13
311700;49
311710;77
311520;32
311730;147
311720;21
311740;34
311750;133
311760;38
311770;105
311780;64
311783;44
311787;19
311790;85
311800;294
311810;39
311820;47
311830;845
311840;152
311850;19
311860;3390
311870;72
311880;167
311890;56
311900;18
311910;176
311920;84
311930;187
311940;722
311950;53
311960;13
311970;15
311980;29
311990;32
311995;37
312000;18
312010;26
312015;35
312020;75
312030;22
312040;26
312050;95
312060;59
312070;27
312080;128
312083;33
312087;35
312090;544
312100;28
312110;65
312120;37
312125;39
312130;57
312140;60
312150;31
312160;292
312170;40
312180;65
312190;31
312200;160
312210;57
312220;70
312230;1391
312235;40
312240;46
312245;38
312247;22
312250;42
312260;40
312270;47
312280;21
312290;48
312300;73
312310;34
312320;120
312330;54
312340;10
312350;7
312352;34
312360;212
312370;79
312380;48
312385;42
312390;134
312400;126
312410;378
312420;181
312430;209
312440;34
312450;71
312460;22
312470;27
312480;43
312490;90
312500;39
312510;242
312520;22
312530;20
312540;36
312560;48
312570;89
312580;28
312590;61
312595;66
312600;36
312610;512
312620;39
312630;24
312640;24
312650;60
312660;27
312670;175
312675;38
312680;49
312690;70
312695;28
312700;63
312705;28
312707;43
312710;394
312720;32
312730;52
312733;19
312735;23
312737;24
312738;26
312740;34
312750;47
312760;81
312770;1975
312780;85
312790;9
312800;215
312810;101
312820;70
312825;24
312830;161
312840;83
312850;35
312860;44
312870;388
312880;74
312890;47
312900;62
312910;37
312920;49
312930;80
312940;45
312950;157
312960;56
312965;47
312970;64
312980;820
312990;37
313000;19
313005;70
313010;256
313020;69
313030;62
313040;37
313050;93
313055;32
313060;58
313065;40
313070;32
313080;12
313090;156
313100;43
313110;51
313115;118
313120;169
313130;1323
313140;31
313150;69
313160;32
313170;648
313180;74
313190;342
313200;24
313210;121
313220;81
313230;108
313240;690
313250;176
313260;36
313270;195
313280;16
313290;85
313300;111
313310;101
313320;96
313330;173
313340;81
313350;185
313360;55
313370;78
313375;102
313380;644
313390;38
313400;87
313410;52
313420;829
313430;38
313440;248
313450;34
313460;115
313470;75
313480;65
313490;175
313500;21
313505;179
313507;28
313510;472
313520;405
313530;15
313535;61
313540;44
313545;38
313550;105
313560;60
313570;47
313580;171
313590;45
313600;116
313610;52
313620;496
313630;336
313640;32
313650;70
313652;18
313655;23
313657;39
313665;144
313670;4180
313680;23
313690;53
313695;29
313700;114
313710;63
313720;289
313730;20
313740;84
313750;133
313753;63
313760;309
313770;128
313780;163
313790;22
313800;68
313810;32
313820;684
313830;23
313835;19
313840;464
313850;32
313860;164
313862;43
313865;62
313867;34
313868;41
313870;32
313880;132
313890;60
313900;264
313910;30
313920;148
313925;47
313930;136
313940;553
313950;149
313960;195
313980;116
313970;49
313990;96
314000;360
314010;48
314015;63
314020;30
314030;43
314040;19
314050;100
314053;56
314055;51
314060;45
314070;176
317150;24
314080;121
314085;55
314090;117
314100;86
314110;216
314120;29
314130;17
314140;188
314150;53
314160;84
314170;43
314180;131
314190;32
314200;113
314210;67
314220;108
314225;31
314230;40
314240;56
314250;15
314260;57
314270;117
314280;143
314290;167
314300;105
314310;328
314315;35
314320;193
314340;130
314330;2112
314345;34
314350;66
314360;20
314370;28
314380;27
314390;868
314400;204
314410;177
314420;19
314430;300
314435;59
314437;25
314440;43
314450;76
314460;180
314465;54
314467;16
314470;110
314480;513
314490;18
314500;67
314505;53
314510;102
314520;326
313660;49
314530;205
314535;90
314537;33
314540;17
314545;23
314550;26
314560;288
314570;11
314580;18
314585;30
314587;37
314590;152
314600;281
314610;501
314620;44
314625;48
314630;159
314655;28
314640;41
314650;76
314660;20
314670;47
314675;54
314690;99
314710;591
314700;512
314720;159
314730;143
314740;139
314760;129
314770;69
314780;19
314750;13
314790;804
314795;32
314800;946
314810;582
314820;39
314830;59
314840;41
314850;65
314860;105
314870;168
314875;32
314880;34
314890;23
314900;19
314910;90
314915;46
314920;19
314930;362
314940;12
314950;34
314960;23
314970;58
314980;68
314990;129
314995;67
315000;31
315010;20
315015;46
315020;33
315030;51
315040;40
315050;66
315053;30
315057;32
315060;42
315070;30
315080;117
315090;46
315100;62
315110;97
315120;335
315130;91
315140;222
315150;264
315160;72
315170;112
315180;1227
315190;92
315200;220
315210;475
315213;23
315217;76
315220;259
315230;85
315240;124
315250;922
315260;70
315270;66
315280;183
315290;95
315300;25
315310;60
315320;26
315330;17
315340;147
315360;54
315370;23
315380;18
315390;85
315400;177
315410;101
315415;49
315420;101
315430;153
315440;32
315445;24
315450;47
315460;1439
315470;36
315480;68
315490;101
315510;35
315500;25
315520;64
315530;31
315540;60
315550;102
315560;158
315570;110
315580;157
315590;49
315600;81
315610;31
315620;11
315630;57
315640;26
315645;49
315650;39
315660;80
315670;738
315680;116
315690;168
315700;289
315710;48
315720;159
315725;41
315727;16
315730;32
315733;63
315737;34
315740;43
315750;36
315760;18
315765;44
315770;52
315780;1283
315790;102
315800;68
315810;45
315820;116
315920;65
315940;37
315930;45
315935;63
315950;33
315960;254
315970;14
315980;115
315830;40
315840;35
315850;58
315860;36
315870;20
315880;39
315890;63
315895;184
315900;24
315910;21
315990;118
316000;30
316010;43
316020;20
316030;58
316040;176
316045;40
316050;14
316060;15
316070;426
316080;30
316090;36
316095;26
316100;122
316105;27
316110;335
316120;42
316130;41
316140;42
316150;75
316160;40
316165;30
316170;49
316180;86
316190;64
312550;29
316200;175
316210;242
316220;60
316225;28
316230;23
316240;134
316245;64
316250;730
316255;71
316257;45
316260;59
316265;27
316270;131
316280;117
316290;217
316292;169
316294;38
316295;111
316300;32
316310;35
316320;26
316330;30
316340;38
316350;44
316360;18
316370;408
316380;59
316390;42
316410;51
316400;76
316420;49
316430;39
316440;40
316443;25
316447;42
316450;72
316460;35
316470;542
316480;15
316490;19
316520;34
316500;82
316510;47
316530;62
316540;47
316550;47
316553;141
316556;28
316557;43
316560;13
316570;81
316580;14
316590;34
316600;54
316610;31
316620;80
316630;39
316640;10
316650;17
316660;5
316680;71
316670;65
316690;65
316695;30
316700;13
316710;111
316720;1385
316555;56
316730;20
316740;47
316750;20
316760;120
316770;46
316780;47
316790;34
316800;203
316805;28
316810;22
316820;9
316830;29
316840;122
316850;96
316860;1020
316870;517
316880;38
316890;57
316900;140
316905;20
316910;46
316920;74
316930;512
316935;153
316940;399
316950;39
316960;210
316970;93
316980;31
316990;705
317000;83
317005;83
317010;2282
317020;3917
317030;17
317040;528
317043;26
317047;17
317050;69
317052;51
317057;54
317060;21
317065;15
317070;845
317075;37
317080;215
317090;122
317100;137
317103;58
317107;27
317110;17
317115;33
317120;561
317130;434
317140;27
317160;72
317170;77
317180;84
317190;54
317200;339
317210;37
317220;27
310000;160
320010;237
320016;96
320013;69
320020;216
320030;71
320035;42
320040;157
320050;49
320060;471
320070;83
320080;236
320090;312
320100;85
320110;65
320115;68
320120;1346
320130;2324
320140;279
320150;790
320160;163
320170;74
320180;29
320190;211
320200;48
320210;171
320220;110
320225;72
320230;246
320240;779
320245;141
320250;87
320255;54
320260;84
320265;76
320270;103
320280;266
320290;81
320300;187
320305;151
320310;104
320313;117
320316;87
320320;864
320330;115
320332;251
320334;108
320335;85
320340;195
320350;112
320360;42
320370;115
320380;120
320390;302
320400;155
320405;132
320410;183
320420;139
320425;51
320430;92
320435;104
320440;88
320450;88
320455;221
320460;151
320465;73
320470;197
320480;118
320490;658
320495;81
320500;2474
320501;127
320503;128
320506;127
320510;418
320515;58
320517;67
320520;2810
320530;2001
320000;13
330010;1156
330015;99
330020;1048
330022;101
330023;249
330025;266
330030;866
330040;1441
330045;3683
330050;233
330060;320
330070;1443
330080;441
330090;127
330100;4143
330110;168
330093;83
330115;110
330120;149
330130;254
330095;76
330140;162
330150;144
330160;88
330170;6814
330180;129
330185;413
330187;245
330190;2007
330200;1091
330205;122
330210;232
330220;791
330225;217
330227;707
330230;65
330240;1357
330245;65
330250;2223
330260;353
330270;1240
330280;180
330285;1428
330290;271
330300;250
330310;126
330320;1435
330330;4832
330340;1703
330350;6536
330360;430
330370;352
330380;285
330385;245
330390;2938
330395;172
330400;216
330410;120
330411;128
330412;111
330414;1229
330415;161
330420;926
330430;449
330440;138
330450;67
330452;867
330455;57244
330460;80
330470;381
330480;317
330475;349
330490;8060
330500;288
330510;3778
330513;59
330515;176
330520;757
330530;74
330540;158
330550;691
330555;593
330560;181
330570;101
330575;251
330580;1483
330590;78
330600;692
330610;631
330615;66
330620;315
330630;2279
330000;1108
350010;304
350020;31
350030;251
350040;87
350050;175
350055;42
350060;21
350070;296
350075;32
350080;38
350090;35
350100;121
350110;33
350115;111
350120;36
350130;186
350140;29
350150;38
350160;1409
350170;181
350180;54
350190;579
350200;29
350210;502
350220;167
350230;53
350240;30
350250;278
350260;36
350270;191
350275;110
350280;1652
350290;243
350300;50
350310;48
350315;12
350320;1678
350330;918
350335;18
350340;78
350350;45
350360;65
350370;70
350380;294
350390;527
350395;15
350400;826
350410;1090
350420;124
350430;25
350440;68
350450;696
350460;118
350470;25
350480;73
350490;90
350500;29
350510;43
350520;267
350530;277
350535;32
350540;53
350550;981
350560;178
350570;1806
350580;153
350590;469
350600;2680
350610;585
350620;21
350630;99
350635;300
350640;66
350650;807
350660;201
350670;84
350680;85
350690;72
350700;310
350710;111
350715;26
350720;2
350730;37
350740;119
350745;20
350750;1070
350760;1245
350770;39
350775;18
350780;158
350790;158
350800;139
350810;154
350820;24
350830;42
350840;253
350850;595
350860;236
350870;124
350880;155
350890;24
350900;503
350910;38
350920;408
350925;211
350930;73
350940;164
350945;49
350950;7272
350960;482
350970;385
350980;38
350990;106
350995;22
351000;244
351010;27
351015;33
351020;356
351030;124
351040;299
351050;805
351060;2029
351070;108
351080;251
351090;19
351100;180
351110;988
351120;48
351130;83
351140;178
351150;230
351160;121
351170;109
355720;124
351190;63
351200;141
351210;41
351220;200
351230;153
351240;140
351250;38
351260;38
351270;20
351280;389
351290;50
351300;1424
351310;250
351320;53
351330;15
351340;639
351350;745
351360;163
351370;260
351380;2296
351385;18
351390;122
351400;47
351410;222
351420;23
351430;84
351440;424
351450;96
351460;57
351470;50
351480;98
351490;107
351492;30
351495;14
351500;1370
351510;529
351512;29
351515;95
351518;408
351519;33
355730;85
351520;88
351530;19
351535;84
351540;136
351560;58
351550;591
351565;16
351570;1032
351580;16
351590;26
351600;91
351610;29
351620;2269
351630;821
351640;829
351650;25
351660;62
351670;397
351680;29
351685;25
351690;101
351700;82
351710;29
351720;84
351730;44
351740;284
351750;134
351760;152
351770;138
351780;70
351790;71
351800;14
351810;43
351820;252
351830;196
351840;1017
351850;92
351860;235
351870;2024
351880;7991
351885;51
351890;22
351900;68
351905;77
351907;1158
351910;84
351920;45
351925;34
351930;177
351940;77
351950;45
351960;482
351970;614
351980;52
351990;61
352000;188
352010;206
352020;75
352030;272
352042;101
352044;211
352040;147
352050;1284
352060;34
352070;29
352080;31
352090;101
352100;136
352110;46
352115;30
352120;24
352130;89
352140;130
352150;67
352160;66
352170;120
352180;189
352190;133
352200;27
352210;909
352215;30
352220;1015
352230;1096
352240;637
352250;1142
352260;645
352265;23
352270;339
352280;128
352290;101
352300;31
352310;1736
352320;427
352330;103
352340;793
352350;114
352360;99
352370;38
352380;56
352390;1104
352400;216
352410;307
352420;46
352430;555
352440;1498
352450;31
352460;125
352470;301
352480;426
352490;40
352500;519
352510;257
352520;199
352530;1083
352540;16
352550;99
352560;19
352570;235
352580;21
352585;15
352590;2850
352600;178
352610;138
352620;209
352630;38
352640;234
352650;46
352660;36
352670;674
352680;425
352690;1915
352700;49
352710;624
352720;685
352725;29
352730;199
352740;154
352750;19
352760;52
352770;43
352780;38
352790;27
352800;125
352810;75
352820;28
352830;30
352840;311
352850;525
352860;60
352870;27
352880;103
352885;24
352890;26
352900;1592
352910;14
352920;214
352930;544
352940;2243
352950;52
352960;41
352965;11
352970;156
352980;101
353000;23
352990;138
353010;222
353020;136
353030;395
353040;34
353050;491
353060;2779
353070;1119
353080;697
353090;28
353100;20
353110;485
353120;65
353130;388
353140;196
353150;143
353160;42
353180;363
353170;36
353190;187
353200;88
353205;37
353210;45
353215;15
353220;31
353230;55
353240;158
353250;89
353260;115
353270;25
353280;52
353282;53
353284;17
353286;11
353290;66
353300;146
353310;24
353320;23
353330;40
353340;349
353325;30
353350;318
353360;43
353370;35
353380;23
353390;386
353400;30
353410;57
353420;26
353430;261
353440;4556
353450;29
353460;278
353470;758
353480;63
353475;84
353490;103
353500;65
353510;66
353520;102
353530;212
353540;112
353550;329
353560;145
353570;54
353580;115
353590;28
353600;84
353610;42
353620;133
353625;20
353630;82
353640;53
353650;508
353657;18
353660;57
353670;270
353680;52
353690;25
353700;124
353710;286
353715;16
353720;70
353730;531
353740;223
353750;63
353760;592
353770;53
353780;444
353790;216
353800;1029
353810;145
353820;116
353830;25
353850;105
353860;199
353870;2777
353880;269
353890;241
353900;106
353910;74
353920;196
353930;539
353940;123
353950;254
353960;34
353970;20
353980;774
353990;41
354000;155
354010;25
354020;213
354025;31
354030;34
354040;48
354050;75
354060;378
354070;430
354075;133
354080;127
354085;14
354090;89
354100;2435
354105;27
354110;38
354120;139
354130;312
354140;1611
354150;287
354160;262
354165;20
354170;100
354180;27
354190;88
354200;45
354210;66
354220;267
354230;24
354240;157
354250;71
354260;421
354270;41
354280;20
354290;91
354300;131
354310;23
354320;44
354323;21
354325;63
354330;732
354340;4555
354360;45
354370;75
354380;88
354390;1543
354400;178
354410;246
354420;73
354350;70
354425;113
354430;68
354440;22
354450;34
354460;53
354470;20
354480;68
354490;80
354500;120
354510;38
354515;66
354520;769
354530;333
354540;100
354550;23
354560;105
354570;66
354580;1233
354600;116
354610;24
354620;29
354625;22
354630;210
354640;362
354650;32
354660;294
354670;127
354680;387
354690;49
354700;39
354710;29
354740;27
354750;260
354760;209
354765;13
354720;19
354730;613
354770;176
354780;5584
354790;50
354800;157
354805;69
354810;52
354820;45
354830;31
354840;31
354850;4196
354860;98
354870;4675
354880;1493
354890;1680
354900;27
354910;748
354920;18
354925;13
354930;19
354940;330
354950;58
354960;28
354970;444
354980;3221
354990;3977
354995;80
355000;79
355010;350
355020;197
355030;77474
355040;298
355050;49
355060;526
355070;435
355080;97
355090;123
355100;2580
355110;82
355120;40
355130;33
355140;84
355160;253
355150;235
355170;691
355180;107
355190;97
355200;40
355210;378
355220;4442
355230;55
355240;1388
355255;18
355250;1808
355260;104
355270;113
355280;1532
355290;40
355300;64
355310;40
355320;46
355330;176
355340;217
355350;62
355360;101
355365;23
355370;461
355380;174
355385;34
355390;36
355395;87
355400;902
355410;2120
355420;27
355430;140
355440;73
355450;264
355460;31
355465;25
355470;89
355475;9
355480;272
355490;51
355495;52
355500;641
355510;149
355520;19
355530;14
355535;29
355540;523
355550;30
355560;78
355570;12
355580;85
355590;8
355600;123
355610;93
355620;798
355630;145
355635;54
355640;313
355645;272
355650;561
355660;93
355670;419
355680;154
355690;51
355695;15
355700;801
355710;725
355715;19
350000;479
410010;54
410020;39
410030;78
410040;639
410045;29
412862;27
410060;121
410070;81
410050;204
410080;88
410090;58
410100;120
410105;28
410110;169
410115;20
410120;168
410130;58
410140;864
410150;748
410160;166
410165;29
410170;106
410180;772
410185;29
410190;119
410200;270
410210;197
410220;21
410230;83
410240;279
410250;107
410270;21
410260;71
410275;34
410280;134
410290;120
410300;47
410302;16
410304;27
410305;51
410310;81
410315;31
410320;59
410322;20
410330;58
410335;44
410337;30
410340;18
410345;78
410347;35
410350;63
410360;194
410370;676
410380;59
410390;140
410395;24
410400;299
410405;30
410410;54
410420;786
410425;157
410430;637
410440;115
410442;89
410445;111
410450;144
410460;126
410465;114
410470;107
410480;1669
410490;463
410500;67
410510;98
410520;110
410530;80
410540;144
410550;516
410560;78
410570;146
410580;1287
410590;168
410600;84
410610;32
410620;127
410630;126
410640;387
410645;42
410650;150
410655;29
410680;119
410657;32
410660;206
410670;35
410685;31
410690;10881
410700;111
410715;34
410710;42
410712;30
410720;229
410725;41
410730;55
412863;33
410740;34
410750;101
410753;35
410752;15
410754;43
410755;21
410760;159
410765;529
410770;32
410773;47
410775;96
410785;36
410780;53
410790;61
410800;95
410810;23
410820;62
410830;1635
410845;37
410832;65
410840;493
410850;71
410855;21
410860;212
410865;46
410870;43
410880;256
410890;50
410895;50
410900;33
410910;16
410920;45
410930;99
410940;1239
410950;35
410960;255
410965;17
410970;247
410975;62
410980;359
410990;83
411000;30
411005;15
411007;71
411010;191
411020;70
411030;29
411040;34
411050;80
411060;145
411065;18
411070;407
411080;92
411090;30
411095;71
411100;66
411110;47
411120;95
411125;139
411130;26
411140;85
411150;272
411155;50
411160;27
411170;46
411180;352
411190;92
411200;244
411210;189
411220;50
411230;36
411240;55
411250;97
411260;12
411270;104
411275;83
411280;117
411290;30
411295;50
411300;43
411310;46
411320;303
411325;39
411330;231
411340;14
411342;35
411345;50
411350;168
411360;28
411370;3578
411373;40
411375;46
411380;43
411390;86
411400;114
411410;147
411420;235
411430;162
411435;24
411440;106
411450;98
411460;379
411470;53
411480;222
411490;66
411500;54
411510;85
411520;2528
411530;55
411535;30
411540;79
411545;36
411550;34
411560;115
411570;262
411573;24
411575;60
411580;274
411585;44
411590;17
411600;17
411605;87
411610;107
411620;129
411630;27
411640;38
411650;8
411660;22
411670;92
411680;65
411690;211
411695;37
411700;90
411705;54
411710;110
411720;56
411725;69
411721;35
411722;85
411727;46
411729;17
411730;175
411740;36
411745;37
411750;267
411760;313
411770;226
411780;97
411790;182
411800;86
411810;67
411820;1004
411830;17
411840;641
411845;50
411850;514
411860;33
411870;54
411880;94
411885;52
411890;96
411900;48
411910;73
411915;723
411925;26
411920;56
411930;207
411940;156
411950;593
411960;227
411965;17
411970;50
411980;118
411990;2271
411995;195
412000;115
412010;35
412015;18
412020;18
412030;34
412033;18
412035;40
412040;26
412050;95
412060;377
412065;38
412070;69
412080;123
412085;44
412090;191
412100;72
412110;42
412120;116
412125;25
412130;46
412135;21
412140;121
412150;98
412160;59
412170;178
412175;47
412180;117
412190;154
412200;153
412210;36
412215;109
412217;25
412220;236
412230;215
412240;435
412250;85
412260;68
412265;35
412270;46
412280;27
412290;49
412300;96
412310;24
412320;29
412330;72
412340;89
412350;181
412360;8
412370;78
412380;78
412382;26
412385;63
412390;112
412395;29
412402;69
412405;146
412400;53
412410;366
412420;15
412430;18
412440;136
412450;42
412460;59
412470;82
412480;89
412490;47
412500;108
412510;84
412520;75
412530;37
412535;45
412540;49
412545;24
412550;1615
412555;15
412560;294
412570;203
412575;53
412580;61
412590;19
412600;58
412610;45
412620;47
412625;610
412627;44
412630;115
412635;29
412640;57
412650;125
412660;169
412665;24
412667;79
412670;50
412680;96
412690;57
412700;57
412710;542
412720;114
412730;114
412740;144
412750;148
412760;93
412770;801
412780;75
412785;80
412788;33
412790;81
412795;58
412796;92
412800;190
412810;748
412820;425
412830;16
412840;108
412853;71
412855;69
412860;61
412865;34
412870;48
412850;177
412880;47
410000;105
420005;20
420010;92
420020;72
420030;35
420040;40
420050;46
420055;20
420060;48
420070;51
420075;18
420080;55
420090;47
420100;72
420110;13
420120;50
420125;65
420127;28
420130;153
420140;424
420150;62
420160;28
420165;19
420170;57
420180;31
420190;32
420195;128
420205;108
420200;699
420207;85
421280;144
422000;109
420208;19
420209;10
420210;209
420213;44
420215;17
420220;64
420230;393
420240;1841
420243;20
420250;25
420253;20
420257;14
420260;54
420245;98
420270;34
420280;180
420285;35
420287;13
420290;657
420300;493
420310;41
420315;22
420320;367
420330;84
420340;66
420350;50
420360;222
420370;64
420380;417
420325;23
420390;128
420395;174
420400;69
420410;39
420415;19
420417;27
420419;17
420420;993
420425;80
420430;430
420435;25
420440;67
420445;11
420455;102
420450;118
420460;1181
420470;84
420475;17
420480;318
420490;56
420500;139
420510;24
420515;14
420517;18
420519;18
420520;41
420530;56
420535;13
420540;2546
420543;20
420545;142
420550;213
420555;12
420560;15
420570;123
420580;87
420590;348
420600;88
420610;41
420620;80
420630;93
420640;72
420650;188
420660;51
420665;42
420670;141
420675;14
420680;29
420690;113
420700;298
420710;75
420720;97
420730;304
420740;41
420750;343
420757;16
420760;29
420765;60
420768;41
420770;52
420775;28
420780;43
420785;11
420790;56
420800;57
420810;171
420820;1289
420830;299
420840;90
420845;128
420850;181
420860;36
420870;75
420880;143
420890;785
420895;19
420900;180
420910;3096
420915;33
420917;13
420920;10
420930;1199
420940;351
420945;13
420950;52
420960;92
420970;93
420980;19
420985;30
420990;84
421000;68
421003;44
421005;14
421010;410
421020;12
421030;59
421040;65
421050;154
421055;18
421060;108
421070;10
421080;53
421085;18
421090;30
421100;77
421105;56
421110;55
421120;99
421125;15
421130;386
421140;17
421145;20
421150;80
421160;80
421165;7
421170;155
421175;105
421180;38
421185;14
421187;14
421189;19
421190;857
421200;52
421205;15
421210;109
421220;124
421223;21
421225;56
421227;24
421230;36
421240;30
421250;224
421260;24
421265;68
421270;40
421290;104
421300;19
421310;35
421315;16
421320;222
421330;44
421335;38
421340;73
421350;131
421360;282
421370;115
421380;49
421390;14
421400;104
421410;19
421415;18
421420;53
421430;20
421440;41
421450;52
421460;85
421480;448
421470;95
421490;32
421500;244
421505;22
421507;41
421510;108
421520;38
421530;46
421535;28
421540;16
421545;69
421550;103
421555;16
421560;10
421565;64
421567;35
421568;17
421569;7
421570;159
421580;442
421575;8
421590;18
421600;66
421605;41
421610;62
421620;362
421630;135
421635;30
421625;48
421640;36
421650;193
421660;1303
421670;83
421680;61
421690;103
421700;59
421710;26
421715;6
421720;226
421725;34
421730;54
421740;88
421750;103
421755;18
421760;81
421770;159
421775;20
421780;113
421790;47
421795;13
421800;219
421810;44
421820;253
421825;37
421830;113
421835;34
421840;47
421850;36
421860;72
421870;745
421875;24
421880;81
421885;14
421890;61
421895;13
421900;152
421910;26
421915;17
421917;24
421920;30
421930;314
421935;41
421940;26
421950;279
421960;12
421970;169
421985;15
420000;5
430003;29
430005;12
430010;126
430020;63
430030;67
430040;689
430045;43
430047;14
430050;53
430055;17
430057;20
430060;1491
430063;35
430064;64
430066;6
430070;51
430080;102
430085;31
430087;49
430090;57
430100;144
430107;22
430105;78
430120;92
430110;127
430130;202
430140;88
430150;72
430155;39
430160;1177
430163;114
430165;44
430170;50
430175;42
430185;24
430187;11
430190;114
430192;14
430195;19
430180;34
430200;84
430205;24
430210;685
430215;17
430220;37
430222;20
430223;21
430225;31
430230;95
430235;83
430237;19
430240;125
430245;68
430250;68
430258;21
430260;21
430265;50
430270;204
430280;369
430290;114
430300;877
430310;866
430320;28
430330;49
430340;35
430350;539
430355;16
430360;37
430367;18
430370;53
430380;58
430390;408
430400;42
430410;38
430420;308
430430;51
430435;71
430440;286
430450;494
430460;2694
430461;17
430462;16
430463;392
430465;26
430466;200
430468;68
430469;16
430467;25
430471;69
430470;607
430480;131
430485;17
430490;58
430495;25
430500;96
430510;2807
430511;17
430512;73
430513;38
430515;21
430517;82
430520;111
430530;68
430535;273
430537;34
430540;33
430543;18
430544;30
430545;148
430550;37
430558;33
430560;28
430570;67
430580;90
430583;19
430585;17
430587;26
430590;61
430593;20
430595;43
430597;16
430600;117
430605;75
430607;28
430610;628
430613;18
430620;130
430630;44
430632;31
430635;26
430637;27
430640;177
430642;20
430645;22
430650;111
430660;352
430655;27
430670;35
430673;58
430675;24
430676;245
430680;179
430690;248
430692;8
430695;23
430693;84
430697;30
430700;700
430705;41
430720;39
430730;50
430740;19
430745;27
430750;144
430755;53
430760;269
430770;631
430780;245
430781;26
430783;29
430786;19
430790;373
430800;61
430805;16
430807;32
430810;109
430820;178
430825;15
430830;86
430840;75
430843;18
430845;28
430850;198
430860;221
430865;25
430870;57
430880;97
430885;14
430890;124
430900;148
430905;58
430910;237
430912;14
430915;27
430920;1913
430925;13
430930;738
430940;187
430950;93
430955;41
430710;75
430957;30
430960;147
430965;24
430970;37
430975;30
430980;47
430990;57
430995;15
431000;166
431010;222
431020;585
431030;28
431033;198
431036;35
431040;50
431041;22
431043;48
431046;12
431050;85
431053;42
431055;33
431057;17
431060;284
431065;23
431070;31
431075;20
431080;131
431085;34
431087;19
431090;33
431100;286
431110;116
431112;37
431113;19
431115;37
431120;182
431123;20
431127;18
431130;223
431125;38
431140;546
431142;16
431150;62
431160;31
431162;43
431164;17
431171;23
431170;43
431173;20
431175;44
431177;71
431179;27
431180;218
431190;46
431198;51
431200;20
431205;48
431210;65
431213;16
431215;27
431217;13
431220;23
431225;81
431230;36
431235;11
431237;24
431238;26
431240;453
431242;15
431244;21
431245;71
431247;39
431250;93
431260;50
431261;20
431262;13
431265;139
431267;13
431270;117
431275;28
431280;39
431290;62
431295;18
431300;23
431301;20
431303;33
431306;135
431308;17
431310;57
431320;164
431330;168
431333;15
431335;26
431337;146
431349;36
431339;43
431340;1726
431342;37
431344;21
431346;13
431350;358
431360;36
431365;119
431370;299
431380;49
431390;298
431395;96
431400;40
431402;79
431403;26
431405;335
431406;25
431407;52
431410;1386
431413;8
431415;73
431417;15
431420;102
431430;31
431440;3306
431442;42
431445;16
431446;5
431447;34
431449;28
431450;142
431454;18
431455;28
431460;193
431470;84
431475;17
431477;25
431478;11
431480;204
431490;12075
431500;52
431505;21
431507;11
431510;107
431513;21
431514;16
431515;64
431517;14
431520;35
431530;217
431531;11
431532;14
431535;34
431540;68
431545;15
431550;166
431555;29
431560;1980
431570;326
431575;33
431580;86
431590;47
431595;17
431600;179
431610;91
431620;38
431630;68
431640;390
431642;26
431643;23
431645;91
431647;28
431650;53
431660;105
431710;743
431670;65
431673;13
431675;56
431680;1072
431697;25
431690;2127
431695;54
431720;564
431725;13
431730;276
431700;81
431740;391
431750;659
431760;312
431770;118
431755;19
431775;17
431780;125
431790;122
431795;4
431800;479
431805;34
431810;160
431820;155
431830;618
431840;224
431842;30
431843;32
431844;20
431845;20
431846;26
431848;22
431849;28
431850;255
431860;60
431861;24
431862;23
431870;1599
431880;438
431890;273
431900;163
431910;47
431912;37
431915;61
431920;47
431930;56
431935;23
431936;16
431937;18
431940;169
431950;184
431960;227
431970;37
431971;25
431973;20
431975;17
431980;77
431990;518
432000;989
432010;153
432020;78
432023;25
432026;54
432030;41
432032;29
432035;48
432040;101
432045;28
432050;41
432055;66
432057;20
432060;37
432065;23
432067;85
432070;121
432080;258
432085;32
432090;163
432100;97
432110;149
432120;491
432130;216
432132;31
432135;45
432140;103
432143;89
432145;228
432146;36
432147;54
432149;31
432150;315
432160;438
432162;29
432163;17
432166;80
432170;212
432180;212
432183;33
432185;37
432190;241
432195;41
432200;221
432210;71
432215;32
432218;12
432220;180
432225;40
432230;86
432232;29
432234;25
432235;9
432237;19
432240;913
432250;579
432253;113
432254;49
432252;32
432255;10
432260;617
432270;226
432280;187
432285;23
432290;47
432300;1863
432310;51
432320;24
432330;28
432335;11
432340;34
432345;39
432350;19
432360;12
432370;23
432375;31
432377;31
432380;109
430000;4
500020;71
500025;34
500060;282
500070;162
500080;34
500085;57
500090;42
500100;172
500110;376
500124;46
500150;51
500190;125
500200;60
500210;158
500215;52
500220;127
500230;70
500240;180
500260;91
500270;5424
500280;23
500290;171
500295;98
500310;27
500315;97
500320;704
500325;126
500330;216
500345;103
500348;72
500350;31
500370;1324
500375;89
500380;174
500390;10
500400;85
500410;88
500430;101
500440;36
500450;138
500460;104
500470;166
500480;56
500490;26
500500;181
500510;15
500515;67
500520;102
500525;25
500540;227
500560;169
500568;148
500570;305
500580;77
500600;94
500620;287
500625;25
500627;17
500630;335
500635;78
500640;46
500660;593
500690;99
500710;92
500720;186
500730;42
500740;134
500750;24
500755;31
500769;123
500780;54
500770;76
500790;196
500793;60
500795;70
500797;27
500800;87
500830;775
500840;49
500000;5
510010;41
510020;105
510025;311
510030;102
510035;20
510040;59
510050;48
510060;31
510080;38
510100;22
510120;3
510125;92
510130;82
510140;89
510160;37
510170;160
510180;406
510185;21
510190;71
510250;640
510260;78
510263;142
510267;157
510268;29
510269;26
510270;91
510279;64
510285;30
510300;105
510305;64
510310;26
510320;210
510325;93
510330;98
510335;118
510336;14
510337;44
510340;3613
510343;42
510345;39
510350;124
510360;72
510370;34
510380;27
510385;15
510390;31
510395;25
510410;163
510420;99
510450;16
510452;12
510454;22
510455;26
510460;67
510480;145
510490;44
510500;75
510510;177
510515;232
510517;50
510520;59
510523;17
510525;238
510530;9
510558;63
510560;89
510562;171
510590;123
510600;50
510610;75
510615;58
510620;27
510621;68
510880;22
510618;17
510885;12
510890;24
510895;30
510622;142
510617;13
510623;92
510619;27
510624;41
510625;121
510627;21
510626;33
510631;10
510628;21
510629;50
510630;115
510637;121
510642;185
510645;16
510650;228
510665;26
510670;15
510675;269
510677;53
510680;34
510682;59
510685;16
510700;126
510704;311
510706;74
510715;18
510718;59
510719;13
510720;43
510757;5
510760;1276
510770;140
510775;28
510724;20
510774;14
510776;10
510777;27
510726;11
510779;9
510780;112
510785;52
510729;31
510730;75
510735;18
510710;131
510740;28
510787;62
510788;4
510790;705
510792;331
510794;34
510795;538
510800;65
510805;62
510810;17
510820;34
510830;16
510835;19
510840;1682
510850;52
510550;72
510860;91
510000;13
520005;64
520010;100
520013;127
520015;22
520017;20
520020;18
520025;676
520030;184
520050;18
520055;34
520060;33
520080;71
520082;14
520085;40
520090;26
520110;2565
520120;2
520130;143
520140;2599
520145;16
520150;23
520160;37
520170;136
520180;82
520215;51
520235;21
520250;44
520260;39
520280;18
520310;15
520320;51
520330;211
520340;67
520350;132
520355;47
520357;13
520360;16
520380;40
520390;89
520393;29
520396;19
520400;46
520410;62
520420;11
520425;65
520430;89
520440;94
520450;482
520455;18
520460;32
520465;17
520470;74
520480;40
520485;48
520490;121
520495;38
520500;75
520505;28
520510;578
520520;39
520530;48
520540;144
520545;60
520547;29
520549;296
520551;112
520552;19
520570;15
520580;77
520590;50
520620;282
520630;33
520640;106
520650;26
520660;25
520670;19
520680;20
520690;21
520710;15
520830;33
520725;38
520735;28
520740;67
520750;31
520753;41
520760;47
520780;89
520790;44
520800;690
520810;24
520815;23
520840;78
520850;37
520860;427
520870;8685
520880;280
520890;188
520910;271
520915;29
520920;116
520929;20
520940;15
520945;13
520960;27
520970;119
520980;30
520990;58
520993;27
520995;89
521000;405
521010;209
521015;27
521020;290
521030;18
521040;280
521056;34
521060;36
521080;38
521090;133
521100;53
521120;214
521130;35
521140;47
521150;794
521160;10
521170;58
521180;252
521190;611
521200;29
521205;12
521210;38
521220;158
521225;17
521230;40
521250;967
521260;20
521270;37
521280;70
521290;19
521295;25
521300;81
521305;8
521308;161
521310;356
521340;16
521350;31
521370;47
521375;48
521377;16
521380;328
521385;27
521390;35
521400;80
521405;40
521410;30
521440;67
521450;193
521460;251
521470;23
521480;22
521483;61
521486;66
521487;15
521490;22
521500;63
521520;23
521523;401
521525;20
521530;69
521540;27
521550;41
521560;179
521565;19
521570;150
521580;26
521590;41
521600;14
521630;64
521640;88
521645;10
521680;76
521690;16
521710;189
521720;97
521730;146
521740;235
521760;478
521770;145
521800;274
521805;17
521810;26
521830;198
521839;29
521850;328
521860;77
521870;34
521878;16
521880;1008
521890;134
521900;42
521910;31
521920;28
521925;25
521930;271
521935;13
521940;32
521945;15
521950;27
521960;29
521970;74
521971;27
521973;31
521975;300
521980;48
521990;32
522000;54
522005;14
522010;201
522015;31
522020;144
522026;42
522028;16
522040;142
522045;583
522050;50
522060;126
522068;41
522070;20
522100;34
522108;19
522119;45
522130;22
522140;775
522145;15
522150;28
522155;21
522157;25
522160;273
522170;109
522180;16
522185;616
522190;22
522200;85
522205;46
522220;13
522230;24
520000;102
530010;12157
 ;
